0,0,0,0,0,0,0,0,0,0,0,0,0,0,0,0,0,0,0,0,0,0,0,0,0,0,0,0,0,0,0,0,0,0,0,0,0,0,0,0,0,0,0,0,0,0,0,0,0,0,0,0,0,0,0,0,0,0,0,0,0,0,0,0,0,0,0,0,0,0,0,0,0,0,0,0,0,0,0,0,0,0,0,0,0,0,0,0,0,0,0,0,0,0,0,0,0,0,0,0
0,1.98,17,-17.9,7.45,1.9e+58,12.3,4.29e+33,-1.89e+23,2.84,17.7,-5.25e+25,9.34e+17,1.95e+22,10.6,-10.6,-2.09e+04,-8.55,7.87,-2.09e+30,2.25e+58,6.71,1.94,-6.64,-1.78e+14,1.71e+07,-1.2e+05,7.77,7.31e+05,6.22e+26,-1.53e+05,19.9,-1.19e+04,-6.62e+09,10.4,23.6,5.58e+25,8.18,-1.44e+11,3.25e+06,7.29,-6.31e+11,1.56e+07,2.96,-2.27e+07,6.05,-2.91e+20,0.181,-2.82,5.86e+12,-4.23e+08,7.69e+18,15.6,3.37e+04,-0.00119,4.22e+14,2.63,0.778,2.59e+08,-325,889,-6.59e+09,9.41,1.13e+10,-1.66e+16,11,-1e+05,-3.47,2.38e+22,3.26e+20,1.84e+27,6.45,-2.69e+17,-2.36,-7.42e+15,7.38e+15,2.76e+18,-5.62e+24,5.67,1.48e+03,26.1,0.382,-1.8e+14,1.09e+05,2.9,1.43e+15,-2.81e+30,17.1,1.85e+22,1.52e+05,-5.14,-648,5.88,2.37e+06,-1.58e+11,1.76e+10,16.7,-14.7,9.46e+07,1.28e+12
0,3.97,34.1,-35.9,14.9,3.79e+58,24.6,8.57e+33,-3.77e+23,5.69,35.4,-1.05e+26,1.87e+18,3.89e+22,21.3,-21.1,-4.18e+04,-17.1,15.7,-4.17e+30,4.51e+58,13.4,3.89,-13.2,-3.41e+14,3.39e+07,-2.39e+05,15.6,1.46e+06,1.25e+27,-3.05e+05,39.8,-2.37e+04,-1.32e+10,20.9,47.2,1.11e+26,16.3,-2.85e+11,6.49e+06,14.6,-1.26e+12,3.14e+07,5.92,-4.53e+07,12,-5.77e+20,0.361,-5.62,1.17e+13,-8.41e+08,1.54e+19,31.2,6.73e+04,-0.00233,8.52e+14,5.29,1.57,5.18e+08,-649,1.78e+03,-1.32e+10,18.8,2.25e+10,-3.31e+16,22,-1.99e+05,-6.94,4.51e+22,6.6e+20,3.68e+27,12.9,-5.37e+17,-4.82,-1.48e+16,1.45e+16,5.46e+18,-1.13e+25,11.3,2.96e+03,52.1,0.76,-3.59e+14,2.18e+05,5.8,2.85e+15,-5.61e+30,34.2,3.69e+22,3.04e+05,-10.2,-1.3e+03,11.7,4.84e+06,-3.14e+11,3.52e+10,33.5,-29.4,1.9e+08,2.58e+12
0,5.95,51.1,-53.8,22.3,5.68e+58,36.9,1.28e+34,-5.62e+23,8.55,53,-1.57e+26,2.8e+18,5.8e+22,31.9,-31.5,-6.27e+04,-25.6,23.5,-6.26e+30,6.78e+58,20.1,5.86,-19.8,-4.75e+14,5.04e+07,-3.59e+05,23.3,2.18e+06,1.88e+27,-4.58e+05,59.5,-3.54e+04,-1.98e+10,31.2,70.7,1.67e+26,24.5,-4.21e+11,9.71e+06,21.9,-1.89e+12,4.76e+07,8.89,-6.78e+07,18,-8.5e+20,0.539,-8.38,1.76e+13,-1.25e+09,2.3e+19,46.6,1.01e+05,-0.00336,1.3e+15,7.99,2.37,7.77e+08,-971,2.67e+03,-1.98e+10,28.3,3.37e+10,-4.97e+16,33,-2.95e+05,-10.4,6.14e+22,1.01e+21,5.51e+27,19.3,-8.06e+17,-7.46,-2.2e+16,2.09e+16,8.01e+18,-1.69e+25,17,4.44e+03,78.2,1.13,-5.39e+14,3.26e+05,8.73,4.26e+15,-8.38e+30,51.1,5.51e+22,4.55e+05,-15.2,-1.94e+03,17.6,7.51e+06,-4.67e+11,5.27e+10,50.5,-43.9,2.86e+08,3.89e+12
0,7.94,68.1,-71.7,29.7,7.56e+58,49.1,1.71e+34,-7.42e+23,11.4,70.5,-2.1e+26,3.72e+18,7.66e+22,42.4,-41.7,-8.34e+04,-34.1,31.1,-8.34e+30,9.05e+58,26.8,7.87,-26.2,-5.63e+14,6.62e+07,-4.78e+05,31.2,2.89e+06,2.53e+27,-6.11e+05,79.2,-4.7e+04,-2.64e+10,41.5,94.3,2.22e+26,32.5,-5.49e+11,1.29e+07,29.2,-2.51e+12,6.44e+07,11.9,-9e+07,23.7,-1.1e+21,0.715,-11.1,2.34e+13,-1.64e+09,3.06e+19,62,1.34e+05,-0.00424,1.77e+15,10.7,3.21,1.04e+09,-1.29e+03,3.57e+03,-2.65e+10,37.8,4.49e+10,-6.62e+16,44,-3.86e+05,-13.9,7.01e+22,1.39e+21,7.33e+27,25.7,-1.07e+18,-10.4,-2.9e+16,2.65e+16,1.03e+19,-2.25e+25,22.7,5.9e+03,104,1.49,-7.17e+14,4.35e+05,11.7,5.66e+15,-1.11e+31,67.7,7.31e+22,6.04e+05,-19.9,-2.59e+03,23.4,1.05e+07,-6.15e+11,7.01e+10,67.9,-58.3,3.83e+08,5.25e+12
0,9.92,85.1,-89.6,37,9.42e+58,61.2,2.13e+34,-9.16e+23,14.3,87.9,-2.62e+26,4.64e+18,9.47e+22,53,-51.7,-1.04e+05,-42.6,38.6,-1.04e+31,1.14e+59,33.4,9.93,-32.6,-5.91e+14,8.12e+07,-5.97e+05,39,3.59e+06,3.2e+27,-7.64e+05,98.6,-5.82e+04,-3.29e+10,51.6,118,2.77e+26,40.5,-6.66e+11,1.6e+07,36.6,-3.14e+12,8.2e+07,14.8,-1.12e+08,29.3,-1.34e+21,0.887,-13.8,2.92e+13,-2.01e+09,3.82e+19,77.2,1.68e+05,-0.00491,2.26e+15,13.6,4.09,1.3e+09,-1.61e+03,4.48e+03,-3.32e+10,47.4,5.6e+10,-8.28e+16,54.9,-4.7e+05,-17.3,6.88e+22,1.8e+21,9.15e+27,32,-1.34e+18,-13.6,-3.56e+16,3.1e+16,1.24e+19,-2.82e+25,28.4,7.36e+03,130,1.83,-8.95e+14,5.44e+05,14.7,7.04e+15,-1.38e+31,84.1,9.07e+22,7.5e+05,-24.3,-3.23e+03,29.2,1.38e+07,-7.57e+11,8.74e+10,85.7,-72.5,4.81e+08,6.66e+12
0,11.9,102,-107,44.2,1.13e+59,73.2,2.55e+34,-1.08e+24,17.3,105,-3.14e+26,5.55e+18,1.12e+23,63.4,-61.5,-1.24e+05,-51.1,45.9,-1.25e+31,1.37e+59,40.1,12,-38.7,-5.45e+14,9.53e+07,-7.16e+05,46.9,4.27e+06,3.89e+27,-9.17e+05,118,-6.91e+04,-3.93e+10,61.6,141,3.32e+26,48.3,-7.7e+11,1.9e+07,43.9,-3.75e+12,1.01e+08,17.8,-1.33e+08,34.7,-1.54e+21,1.05,-16.3,3.5e+13,-2.36e+09,4.57e+19,92.2,2.01e+05,-0.00533,2.8e+15,16.6,5.01,1.56e+09,-1.92e+03,5.39e+03,-3.99e+10,57,6.7e+10,-9.93e+16,65.8,-5.47e+05,-20.8,5.5e+22,2.25e+21,1.09e+28,38.3,-1.61e+18,-17.3,-4.19e+16,3.4e+16,1.41e+19,-3.39e+25,34.1,8.81e+03,157,2.16,-1.07e+15,6.52e+05,17.7,8.39e+15,-1.65e+31,100,1.08e+23,8.94e+05,-28.4,-3.87e+03,35,1.76e+07,-8.91e+11,1.05e+11,104,-86.5,5.82e+08,8.12e+12
0,13.9,119,-125,51.4,1.31e+59,85,2.97e+34,-1.24e+24,20.3,122,-3.66e+26,6.45e+18,1.29e+23,73.9,-70.9,-1.45e+05,-59.5,53,-1.46e+31,1.6e+59,46.7,14.2,-44.7,-4.08e+14,1.08e+08,-8.35e+05,54.8,4.93e+06,4.6e+27,-1.07e+06,137,-7.96e+04,-4.57e+10,71.4,165,3.86e+26,56,-8.58e+11,2.2e+07,51.3,-4.36e+12,1.2e+08,20.8,-1.54e+08,39.8,-1.7e+21,1.22,-18.8,4.08e+13,-2.67e+09,5.32e+19,107,2.34e+05,-0.00545,3.38e+15,19.6,5.99,1.83e+09,-2.23e+03,6.31e+03,-4.67e+10,66.7,7.8e+10,-1.16e+17,76.7,-6.14e+05,-24.2,2.62e+22,2.75e+21,1.27e+28,44.4,-1.88e+18,-21.4,-4.78e+16,3.53e+16,1.54e+19,-3.96e+25,39.7,1.02e+04,183,2.46,-1.25e+15,7.61e+05,20.8,9.71e+15,-1.9e+31,116,1.24e+23,1.04e+06,-32.1,-4.51e+03,40.7,2.19e+07,-1.02e+12,1.22e+11,123,-100,6.85e+08,9.66e+12
0,15.9,136,-143,58.5,1.49e+59,96.7,3.39e+34,-1.39e+24,23.3,139,-4.18e+26,7.35e+18,1.44e+23,84.2,-79.9,-1.65e+05,-67.9,59.9,-1.66e+31,1.84e+59,53.3,16.5,-50.5,-1.68e+14,1.2e+08,-9.53e+05,62.8,5.57e+06,5.35e+27,-1.22e+06,155,-8.97e+04,-5.21e+10,81,188,4.39e+26,63.6,-9.28e+11,2.49e+07,58.7,-4.96e+12,1.42e+08,23.8,-1.74e+08,44.6,-1.83e+21,1.37,-21.2,4.65e+13,-2.93e+09,6.05e+19,121,2.67e+05,-0.00524,4.01e+15,22.9,7.04,2.1e+09,-2.53e+03,7.24e+03,-5.36e+10,76.6,8.88e+10,-1.32e+17,87.6,-6.72e+05,-27.6,-2e+22,3.32e+21,1.45e+28,50.5,-2.14e+18,-26.1,-5.3e+16,3.47e+16,1.63e+19,-4.54e+25,45.4,1.17e+04,209,2.73,-1.42e+15,8.69e+05,24,1.1e+16,-2.15e+31,131,1.41e+23,1.17e+06,-35.3,-5.14e+03,46.3,2.68e+07,-1.13e+12,1.38e+11,143,-113,7.91e+08,1.13e+13
0,17.9,153,-161,65.4,1.66e+59,108,3.79e+34,-1.52e+24,26.4,155,-4.7e+26,8.23e+18,1.59e+23,94.5,-88.5,-1.85e+05,-76.3,66.4,-1.87e+31,2.08e+59,59.8,18.8,-56.1,1.92e+14,1.3e+08,-1.07e+06,70.8,6.18e+06,6.13e+27,-1.38e+06,174,-9.93e+04,-5.83e+10,90.3,211,4.92e+26,70.9,-9.78e+11,2.77e+07,66.1,-5.56e+12,1.64e+08,26.9,-1.94e+08,49,-1.91e+21,1.52,-23.4,5.21e+13,-3.15e+09,6.78e+19,136,3e+05,-0.00465,4.7e+15,26.3,8.16,2.36e+09,-2.82e+03,8.18e+03,-6.05e+10,86.5,9.96e+10,-1.49e+17,98.5,-7.18e+05,-30.9,-8.6e+22,3.95e+21,1.62e+28,56.5,-2.41e+18,-31.4,-5.75e+16,3.2e+16,1.66e+19,-5.12e+25,51.1,1.31e+04,235,2.98,-1.59e+15,9.78e+05,27.3,1.23e+16,-2.39e+31,145,1.56e+23,1.31e+06,-38,-5.77e+03,51.9,3.25e+07,-1.23e+12,1.55e+11,163,-126,8.99e+08,1.3e+13
0,19.9,170,-178,72.2,1.83e+59,119,4.2e+34,-1.64e+24,29.6,171,-5.22e+26,9.09e+18,1.72e+23,105,-96.6,-2.04e+05,-84.5,72.6,-2.07e+31,2.32e+59,66.3,21.3,-61.4,6.86e+14,1.38e+08,-1.19e+06,78.9,6.76e+06,6.94e+27,-1.53e+06,191,-1.08e+05,-6.45e+10,99.4,234,5.45e+26,78.1,-1e+12,3.03e+07,73.6,-6.14e+12,1.88e+08,29.9,-2.13e+08,53,-1.94e+21,1.66,-25.5,5.77e+13,-3.31e+09,7.49e+19,149,3.32e+05,-0.00366,5.45e+15,29.8,9.35,2.63e+09,-3.11e+03,9.13e+03,-6.75e+10,96.6,1.1e+11,-1.65e+17,109,-7.52e+05,-34.3,-1.74e+23,4.65e+21,1.8e+28,62.4,-2.67e+18,-37.3,-6.12e+16,2.71e+16,1.64e+19,-5.7e+25,56.8,1.44e+04,261,3.2,-1.76e+15,1.09e+06,30.7,1.35e+16,-2.62e+31,159,1.7e+23,1.43e+06,-40.1,-6.4e+03,57.4,3.88e+07,-1.32e+12,1.71e+11,185,-139,1.01e+09,1.48e+13
0,21.9,186,-196,78.9,2e+59,130,4.6e+34,-1.75e+24,32.8,187,-5.73e+26,9.94e+18,1.84e+23,115,-104,-2.24e+05,-92.8,78.4,-2.28e+31,2.57e+59,72.8,23.8,-66.4,1.33e+15,1.45e+08,-1.31e+06,87,7.32e+06,7.79e+27,-1.69e+06,209,-1.17e+05,-7.06e+10,108,257,5.97e+26,85.1,-1.01e+12,3.29e+07,81.1,-6.71e+12,2.15e+08,32.9,-2.31e+08,56.5,-1.92e+21,1.79,-27.4,6.32e+13,-3.4e+09,8.2e+19,163,3.64e+05,-0.00225,6.27e+15,33.6,10.6,2.91e+09,-3.39e+03,1.01e+04,-7.46e+10,107,1.21e+11,-1.82e+17,120,-7.73e+05,-37.6,-2.87e+23,5.44e+21,1.96e+28,68.2,-2.93e+18,-43.8,-6.4e+16,1.97e+16,1.56e+19,-6.28e+25,62.5,1.58e+04,288,3.39,-1.93e+15,1.19e+06,34.1,1.46e+16,-2.84e+31,173,1.84e+23,1.56e+06,-41.6,-7.01e+03,62.8,4.6e+07,-1.39e+12,1.86e+11,207,-151,1.13e+09,1.67e+13
0,23.9,203,-213,85.5,2.17e+59,141,4.99e+34,-1.84e+24,36.1,202,-6.24e+26,1.08e+19,1.95e+23,125,-111,-2.42e+05,-101,83.7,-2.48e+31,2.83e+59,79.2,26.4,-71.1,2.13e+15,1.49e+08,-1.42e+06,95.3,7.84e+06,8.69e+27,-1.84e+06,226,-1.25e+05,-7.66e+10,117,280,6.48e+26,91.8,-9.83e+11,3.53e+07,88.6,-7.27e+12,2.43e+08,36,-2.47e+08,59.4,-1.85e+21,1.91,-29.2,6.85e+13,-3.4e+09,8.88e+19,176,3.96e+05,-0.000387,7.17e+15,37.6,12,3.18e+09,-3.66e+03,1.11e+04,-8.17e+10,117,1.31e+11,-1.98e+17,131,-7.81e+05,-40.8,-4.26e+23,6.32e+21,2.13e+28,73.8,-3.19e+18,-51,-6.56e+16,9.81e+15,1.42e+19,-6.87e+25,68.2,1.71e+04,314,3.54,-2.1e+15,1.3e+06,37.7,1.57e+16,-3.05e+31,185,1.97e+23,1.67e+06,-42.4,-7.62e+03,68.1,5.41e+07,-1.45e+12,2.02e+11,231,-162,1.24e+09,1.87e+13
0,25.9,220,-231,91.8,2.33e+59,152,5.38e+34,-1.91e+24,39.4,217,-6.75e+26,1.16e+19,2.04e+23,135,-118,-2.61e+05,-109,88.6,-2.68e+31,3.09e+59,85.5,29.2,-75.5,3.11e+15,1.52e+08,-1.54e+06,104,8.34e+06,9.63e+27,-2e+06,242,-1.32e+05,-8.24e+10,125,303,6.98e+26,98.2,-9.3e+11,3.77e+07,96.2,-7.81e+12,2.73e+08,39.1,-2.63e+08,61.8,-1.71e+21,2.02,-30.8,7.37e+13,-3.32e+09,9.55e+19,188,4.27e+05,0.00194,8.14e+15,41.8,13.5,3.45e+09,-3.93e+03,1.21e+04,-8.88e+10,127,1.41e+11,-2.15e+17,141,-7.75e+05,-44,-5.94e+23,7.3e+21,2.29e+28,79.3,-3.44e+18,-58.8,-6.6e+16,-2.69e+15,1.22e+19,-7.46e+25,73.9,1.84e+04,340,3.65,-2.26e+15,1.41e+06,41.4,1.68e+16,-3.24e+31,197,2.09e+23,1.79e+06,-42.5,-8.23e+03,73.3,6.3e+07,-1.5e+12,2.16e+11,256,-173,1.37e+09,2.08e+13
0,27.9,236,-248,98,2.48e+59,162,5.76e+34,-1.97e+24,42.9,231,-7.24e+26,1.24e+19,2.12e+23,144,-123,-2.79e+05,-117,92.9,-2.88e+31,3.35e+59,91.8,32.1,-79.5,4.28e+15,1.53e+08,-1.66e+06,112,8.79e+06,1.06e+28,-2.15e+06,258,-1.38e+05,-8.82e+10,133,325,7.47e+26,104,-8.46e+11,3.99e+07,104,-8.34e+12,3.05e+08,42.2,-2.78e+08,63.5,-1.51e+21,2.12,-32.2,7.87e+13,-3.13e+09,1.02e+20,201,4.57e+05,0.00473,9.19e+15,46.3,15,3.73e+09,-4.18e+03,1.3e+04,-9.6e+10,138,1.51e+11,-2.31e+17,152,-7.55e+05,-47,-7.93e+23,8.38e+21,2.45e+28,84.7,-3.69e+18,-67.1,-6.49e+16,-1.79e+16,9.46e+18,-8.05e+25,79.6,1.97e+04,366,3.73,-2.42e+15,1.52e+06,45.3,1.78e+16,-3.42e+31,208,2.2e+23,1.89e+06,-41.8,-8.82e+03,78.3,7.29e+07,-1.52e+12,2.3e+11,281,-183,1.49e+09,2.31e+13
0,30,253,-266,104,2.63e+59,172,6.14e+34,-2e+24,46.4,245,-7.74e+26,1.32e+19,2.17e+23,154,-129,-2.97e+05,-125,96.6,-3.07e+31,3.62e+59,98,35.1,-83.2,5.65e+15,1.51e+08,-1.77e+06,120,9.21e+06,1.16e+28,-2.31e+06,273,-1.44e+05,-9.38e+10,140,347,7.96e+26,110,-7.31e+11,4.2e+07,111,-8.85e+12,3.39e+08,45.3,-2.91e+08,64.5,-1.25e+21,2.21,-33.3,8.35e+13,-2.82e+09,1.08e+20,212,4.87e+05,0.008,1.03e+16,51,16.7,4e+09,-4.43e+03,1.41e+04,-1.03e+11,149,1.61e+11,-2.47e+17,162,-7.21e+05,-50,-1.02e+24,9.58e+21,2.6e+28,89.9,-3.93e+18,-76,-6.21e+16,-3.57e+16,6.08e+18,-8.65e+25,85.2,2.1e+04,392,3.77,-2.58e+15,1.63e+06,49.3,1.87e+16,-3.59e+31,219,2.3e+23,1.99e+06,-40.3,-9.4e+03,83.2,8.37e+07,-1.53e+12,2.44e+11,308,-193,1.62e+09,2.55e+13
0,32,269,-283,110,2.78e+59,181,6.51e+34,-2.01e+24,50,258,-8.22e+26,1.39e+19,2.22e+23,163,-133,-3.15e+05,-133,99.6,-3.27e+31,3.9e+59,104,38.2,-86.5,7.24e+15,1.47e+08,-1.89e+06,129,9.6e+06,1.27e+28,-2.46e+06,288,-1.49e+05,-9.93e+10,147,369,8.45e+26,116,-5.81e+11,4.4e+07,119,-9.34e+12,3.75e+08,48.4,-3.04e+08,64.7,-9.31e+20,2.28,-34.3,8.81e+13,-2.37e+09,1.14e+20,224,5.16e+05,0.0117,1.15e+16,55.9,18.4,4.27e+09,-4.67e+03,1.51e+04,-1.1e+11,159,1.7e+11,-2.64e+17,173,-6.73e+05,-52.8,-1.29e+24,1.09e+22,2.75e+28,94.9,-4.16e+18,-85.4,-5.75e+16,-5.61e+16,2.03e+18,-9.25e+25,90.9,2.22e+04,418,3.78,-2.74e+15,1.74e+06,53.4,1.95e+16,-3.75e+31,228,2.38e+23,2.08e+06,-38,-9.97e+03,88,9.55e+07,-1.53e+12,2.56e+11,337,-201,1.76e+09,2.79e+13
0,34,286,-300,115,2.91e+59,190,6.87e+34,-2e+24,53.7,271,-8.7e+26,1.46e+19,2.24e+23,173,-136,-3.32e+05,-140,102,-3.45e+31,4.19e+59,110,41.5,-89.3,9.06e+15,1.41e+08,-2e+06,137,9.95e+06,1.39e+28,-2.61e+06,302,-1.53e+05,-1.05e+11,154,391,8.92e+26,121,-3.98e+11,4.59e+07,126,-9.81e+12,4.14e+08,51.5,-3.14e+08,64.1,-5.44e+20,2.34,-35.1,9.23e+13,-1.78e+09,1.2e+20,235,5.44e+05,0.0159,1.29e+16,61.2,20.3,4.54e+09,-4.9e+03,1.61e+04,-1.18e+11,170,1.79e+11,-2.8e+17,183,-6.13e+05,-55.6,-1.59e+24,1.23e+22,2.9e+28,99.8,-4.39e+18,-95.1,-5.08e+16,-7.92e+16,-2.68e+18,-9.85e+25,96.5,2.34e+04,444,3.74,-2.89e+15,1.85e+06,57.8,2.03e+16,-3.88e+31,237,2.45e+23,2.17e+06,-34.9,-1.05e+04,92.5,1.08e+08,-1.5e+12,2.68e+11,366,-209,1.89e+09,3.05e+13
0,36.1,302,-317,121,3.04e+59,199,7.22e+34,-1.97e+24,57.5,283,-9.17e+26,1.53e+19,2.25e+23,182,-139,-3.49e+05,-148,104,-3.64e+31,4.48e+59,116,44.8,-91.8,1.11e+16,1.33e+08,-2.12e+06,146,1.03e+07,1.5e+28,-2.77e+06,315,-1.56e+05,-1.1e+11,160,412,9.39e+26,126,-1.78e+11,4.76e+07,134,-1.03e+13,4.55e+08,54.6,-3.24e+08,62.6,-9.35e+19,2.39,-35.6,9.62e+13,-1.02e+09,1.26e+20,245,5.72e+05,0.0206,1.43e+16,66.6,22.2,4.81e+09,-5.12e+03,1.71e+04,-1.25e+11,181,1.88e+11,-2.96e+17,194,-5.39e+05,-58.1,-1.94e+24,1.39e+22,3.04e+28,104,-4.61e+18,-105,-4.17e+16,-1.05e+17,-8.05e+18,-1.04e+26,102,2.45e+04,470,3.67,-3.04e+15,1.96e+06,62.3,2.1e+16,-4.01e+31,244,2.52e+23,2.25e+06,-30.9,-1.11e+04,96.9,1.22e+08,-1.46e+12,2.79e+11,397,-216,2.03e+09,3.33e+13
0,38.1,318,-333,126,3.17e+59,208,7.56e+34,-1.91e+24,61.5,294,-9.62e+26,1.6e+19,2.24e+23,191,-141,-3.65e+05,-156,104,-3.82e+31,4.78e+59,122,48.3,-93.8,1.34e+16,1.22e+08,-2.23e+06,155,1.05e+07,1.63e+28,-2.92e+06,328,-1.58e+05,-1.15e+11,166,433,9.86e+26,131,7.95e+10,4.93e+07,142,-1.07e+13,4.98e+08,57.8,-3.31e+08,60.1,4.2e+20,2.42,-35.9,9.97e+13,-8.35e+07,1.31e+20,255,5.98e+05,0.0256,1.57e+16,72.4,24.3,5.07e+09,-5.34e+03,1.81e+04,-1.32e+11,192,1.97e+11,-3.12e+17,204,-4.55e+05,-60.5,-2.32e+24,1.56e+22,3.18e+28,109,-4.81e+18,-115,-3.01e+16,-1.33e+17,-1.4e+19,-1.1e+26,108,2.56e+04,495,3.57,-3.18e+15,2.07e+06,67,2.17e+16,-4.12e+31,251,2.56e+23,2.32e+06,-26.1,-1.16e+04,101,1.36e+08,-1.4e+12,2.89e+11,428,-222,2.18e+09,3.61e+13
0,40.2,334,-350,131,3.29e+59,216,7.9e+34,-1.82e+24,65.5,305,-1.01e+27,1.67e+19,2.2e+23,199,-142,-3.81e+05,-163,104,-3.99e+31,5.09e+59,128,51.9,-95.4,1.6e+16,1.09e+08,-2.34e+06,163,1.08e+07,1.75e+28,-3.07e+06,340,-1.6e+05,-1.2e+11,172,453,1.03e+27,135,3.75e+11,5.1e+07,149,-1.11e+13,5.43e+08,60.9,-3.38e+08,56.5,9.96e+20,2.43,-35.9,1.03e+14,1.05e+09,1.36e+20,265,6.24e+05,0.0311,1.73e+16,78.4,26.4,5.33e+09,-5.54e+03,1.91e+04,-1.39e+11,203,2.05e+11,-3.28e+17,214,-3.59e+05,-62.6,-2.74e+24,1.75e+22,3.3e+28,113,-5.01e+18,-126,-1.56e+16,-1.63e+17,-2.06e+19,-1.16e+26,113,2.67e+04,520,3.43,-3.33e+15,2.18e+06,71.9,2.22e+16,-4.21e+31,258,2.6e+23,2.39e+06,-20.4,-1.21e+04,105,1.52e+08,-1.33e+12,2.98e+11,462,-228,2.33e+09,3.9e+13
0,42.3,350,-367,135,3.4e+59,223,8.22e+34,-1.71e+24,69.6,315,-1.05e+27,1.73e+19,2.15e+23,208,-143,-3.97e+05,-170,103,-4.16e+31,5.41e+59,134,55.7,-96.6,1.89e+16,9.39e+07,-2.46e+06,172,1.1e+07,1.88e+28,-3.21e+06,351,-1.61e+05,-1.25e+11,177,473,1.08e+27,139,7.09e+11,5.25e+07,157,-1.15e+13,5.9e+08,64,-3.42e+08,51.9,1.63e+21,2.43,-35.7,1.05e+14,2.4e+09,1.41e+20,274,6.48e+05,0.037,1.9e+16,84.8,28.7,5.59e+09,-5.74e+03,2.01e+04,-1.46e+11,214,2.13e+11,-3.44e+17,224,-2.54e+05,-64.6,-3.2e+24,1.95e+22,3.43e+28,117,-5.19e+18,-136,2.01e+15,-1.95e+17,-2.78e+19,-1.22e+26,119,2.77e+04,545,3.25,-3.47e+15,2.29e+06,77,2.27e+16,-4.29e+31,263,2.62e+23,2.45e+06,-13.9,-1.26e+04,109,1.68e+08,-1.23e+12,3.06e+11,496,-232,2.48e+09,4.2e+13
0,44.3,366,-383,140,3.5e+59,230,8.54e+34,-1.58e+24,73.9,324,-1.09e+27,1.79e+19,2.08e+23,216,-142,-4.12e+05,-177,101,-4.33e+31,5.73e+59,140,59.5,-97.3,2.2e+16,7.66e+07,-2.57e+06,181,1.12e+07,2.02e+28,-3.36e+06,362,-1.61e+05,-1.29e+11,182,493,1.12e+27,142,1.08e+12,5.4e+07,164,-1.18e+13,6.39e+08,67.2,-3.45e+08,46.1,2.32e+21,2.41,-35.2,1.07e+14,3.97e+09,1.45e+20,282,6.7e+05,0.0432,2.07e+16,91.3,31,5.83e+09,-5.93e+03,2.11e+04,-1.53e+11,224,2.21e+11,-3.6e+17,234,-1.41e+05,-66.3,-3.7e+24,2.16e+22,3.54e+28,121,-5.35e+18,-146,2.31e+16,-2.29e+17,-3.54e+19,-1.28e+26,124,2.87e+04,570,3.05,-3.6e+15,2.4e+06,82.3,2.31e+16,-4.35e+31,267,2.63e+23,2.5e+06,-6.53,-1.31e+04,112,1.85e+08,-1.13e+12,3.13e+11,531,-235,2.63e+09,4.51e+13
0,46.4,382,-399,144,3.6e+59,237,8.85e+34,-1.41e+24,78.2,333,-1.13e+27,1.84e+19,2e+23,224,-140,-4.26e+05,-184,97.9,-4.48e+31,6.07e+59,145,63.5,-97.6,2.54e+16,5.73e+07,-2.69e+06,190,1.13e+07,2.16e+28,-3.5e+06,372,-1.6e+05,-1.34e+11,186,511,1.17e+27,145,1.5e+12,5.54e+07,172,-1.21e+13,6.91e+08,70.3,-3.46e+08,39,3.06e+21,2.38,-34.5,1.09e+14,5.79e+09,1.49e+20,291,6.92e+05,0.0496,2.26e+16,98.2,33.5,6.07e+09,-6.11e+03,2.21e+04,-1.59e+11,235,2.28e+11,-3.75e+17,244,-2.21e+04,-67.7,-4.25e+24,2.39e+22,3.66e+28,125,-5.49e+18,-155,4.78e+16,-2.64e+17,-4.36e+19,-1.34e+26,130,2.96e+04,594,2.81,-3.73e+15,2.51e+06,87.8,2.34e+16,-4.39e+31,271,2.63e+23,2.54e+06,1.64,-1.35e+04,116,2.03e+08,-1e+12,3.18e+11,568,-238,2.78e+09,4.83e+13
0,48.5,398,-415,147,3.69e+59,243,9.15e+34,-1.21e+24,82.7,340,-1.17e+27,1.89e+19,1.89e+23,232,-138,-4.4e+05,-191,93.6,-4.63e+31,6.41e+59,151,67.5,-97.4,2.91e+16,3.59e+07,-2.8e+06,199,1.14e+07,2.3e+28,-3.64e+06,381,-1.58e+05,-1.38e+11,190,530,1.22e+27,148,1.95e+12,5.69e+07,179,-1.24e+13,7.44e+08,73.4,-3.45e+08,30.7,3.85e+21,2.33,-33.5,1.1e+14,7.87e+09,1.53e+20,299,7.11e+05,0.0564,2.45e+16,105,36,6.3e+09,-6.28e+03,2.3e+04,-1.66e+11,246,2.35e+11,-3.9e+17,254,1.02e+05,-68.8,-4.84e+24,2.64e+22,3.76e+28,129,-5.62e+18,-164,7.66e+16,-3.01e+17,-5.22e+19,-1.4e+26,135,3.05e+04,618,2.56,-3.86e+15,2.63e+06,93.5,2.36e+16,-4.43e+31,274,2.61e+23,2.58e+06,10.6,-1.39e+04,119,2.22e+08,-8.66e+11,3.22e+11,605,-239,2.94e+09,5.15e+13
0,50.6,413,-431,151,3.77e+59,249,9.44e+34,-9.89e+23,87.2,347,-1.2e+27,1.94e+19,1.77e+23,239,-135,-4.54e+05,-198,88.2,-4.77e+31,6.77e+59,156,71.7,-96.8,3.31e+16,1.27e+07,-2.91e+06,207,1.15e+07,2.45e+28,-3.77e+06,390,-1.55e+05,-1.42e+11,194,547,1.26e+27,150,2.44e+12,5.83e+07,186,-1.26e+13,7.98e+08,76.5,-3.42e+08,20.9,4.69e+21,2.26,-32.3,1.1e+14,1.02e+10,1.56e+20,306,7.29e+05,0.0634,2.65e+16,113,38.6,6.51e+09,-6.45e+03,2.4e+04,-1.72e+11,256,2.41e+11,-4.06e+17,263,2.29e+05,-69.6,-5.47e+24,2.9e+22,3.86e+28,132,-5.73e+18,-172,1.1e+17,-3.39e+17,-6.11e+19,-1.46e+26,140,3.13e+04,641,2.27,-3.99e+15,2.74e+06,99.5,2.37e+16,-4.44e+31,276,2.58e+23,2.61e+06,20.3,-1.43e+04,122,2.41e+08,-7.15e+11,3.25e+11,644,-240,3.1e+09,5.48e+13
0,52.7,429,-447,154,3.84e+59,254,9.72e+34,-7.33e+23,91.9,353,-1.23e+27,1.98e+19,1.62e+23,247,-130,-4.67e+05,-204,81.6,-4.9e+31,7.13e+59,161,75.9,-95.8,3.75e+16,-1.22e+07,-3.03e+06,216,1.16e+07,2.59e+28,-3.91e+06,398,-1.52e+05,-1.46e+11,197,564,1.31e+27,152,2.98e+12,5.97e+07,194,-1.28e+13,8.54e+08,79.5,-3.37e+08,9.79,5.56e+21,2.17,-30.8,1.09e+14,1.29e+10,1.59e+20,313,7.46e+05,0.0705,2.86e+16,120,41.2,6.72e+09,-6.61e+03,2.49e+04,-1.77e+11,266,2.47e+11,-4.21e+17,273,3.58e+05,-70,-6.15e+24,3.18e+22,3.95e+28,136,-5.81e+18,-179,1.48e+17,-3.77e+17,-7.04e+19,-1.52e+26,145,3.2e+04,664,1.97,-4.11e+15,2.86e+06,106,2.38e+16,-4.45e+31,278,2.53e+23,2.64e+06,30.7,-1.47e+04,124,2.61e+08,-5.52e+11,3.26e+11,683,-239,3.25e+09,5.81e+13
0,54.8,444,-462,157,3.9e+59,259,9.98e+34,-4.47e+23,96.7,359,-1.26e+27,2.02e+19,1.46e+23,254,-125,-4.8e+05,-210,73.8,-5.02e+31,7.51e+59,166,80.2,-94.3,4.21e+16,-3.86e+07,-3.14e+06,225,1.16e+07,2.74e+28,-4.03e+06,405,-1.48e+05,-1.5e+11,199,580,1.36e+27,154,3.56e+12,6.12e+07,201,-1.3e+13,9.12e+08,82.5,-3.3e+08,-2.85,6.47e+21,2.06,-29.1,1.07e+14,1.58e+10,1.61e+20,320,7.6e+05,0.0778,3.08e+16,128,44,6.91e+09,-6.76e+03,2.57e+04,-1.83e+11,276,2.53e+11,-4.36e+17,282,4.86e+05,-70.1,-6.87e+24,3.46e+22,4.03e+28,139,-5.87e+18,-185,1.9e+17,-4.16e+17,-7.99e+19,-1.58e+26,150,3.28e+04,686,1.65,-4.23e+15,2.97e+06,112,2.37e+16,-4.44e+31,279,2.48e+23,2.66e+06,41.8,-1.5e+04,126,2.81e+08,-3.78e+11,3.26e+11,724,-237,3.41e+09,6.14e+13
0,57,459,-478,159,3.96e+59,263,1.02e+35,-1.3e+23,102,363,-1.29e+27,2.06e+19,1.28e+23,260,-119,-4.93e+05,-216,64.6,-5.13e+31,7.89e+59,171,84.5,-92.4,4.71e+16,-6.64e+07,-3.26e+06,234,1.16e+07,2.89e+28,-4.15e+06,411,-1.44e+05,-1.54e+11,202,595,1.41e+27,155,4.17e+12,6.26e+07,208,-1.31e+13,9.7e+08,85.5,-3.21e+08,-17,7.4e+21,1.94,-27.1,1.05e+14,1.9e+10,1.63e+20,327,7.73e+05,0.0852,3.3e+16,136,46.8,7.08e+09,-6.91e+03,2.65e+04,-1.88e+11,286,2.58e+11,-4.5e+17,292,6.12e+05,-69.8,-7.62e+24,3.77e+22,4.1e+28,141,-5.91e+18,-190,2.39e+17,-4.55e+17,-8.96e+19,-1.63e+26,155,3.34e+04,708,1.31,-4.34e+15,3.09e+06,119,2.36e+16,-4.41e+31,279,2.41e+23,2.67e+06,53.4,-1.53e+04,128,3.02e+08,-1.95e+11,3.24e+11,765,-234,3.57e+09,6.47e+13
0,59.1,474,-493,161,4e+59,267,1.05e+35,2.18e+23,107,366,-1.31e+27,2.09e+19,1.09e+23,267,-112,-5.05e+05,-222,54.1,-5.23e+31,8.29e+59,176,88.8,-90.1,5.23e+16,-9.55e+07,-3.38e+06,243,1.17e+07,3.04e+28,-4.27e+06,416,-1.38e+05,-1.58e+11,204,609,1.46e+27,156,4.83e+12,6.42e+07,215,-1.32e+13,1.03e+09,88.4,-3.11e+08,-32.8,8.34e+21,1.79,-24.9,1.02e+14,2.26e+10,1.64e+20,334,7.83e+05,0.0927,3.53e+16,144,49.6,7.23e+09,-7.05e+03,2.73e+04,-1.92e+11,295,2.63e+11,-4.65e+17,301,7.33e+05,-69,-8.42e+24,4.08e+22,4.17e+28,144,-5.92e+18,-193,2.92e+17,-4.93e+17,-9.94e+19,-1.69e+26,160,3.4e+04,729,0.968,-4.45e+15,3.21e+06,126,2.34e+16,-4.38e+31,279,2.33e+23,2.68e+06,65.6,-1.56e+04,130,3.23e+08,-3.08e+09,3.2e+11,807,-230,3.72e+09,6.8e+13
0,61.3,489,-508,163,4.04e+59,270,1.07e+35,5.98e+23,112,369,-1.34e+27,2.12e+19,8.8e+22,273,-104,-5.17e+05,-228,42.3,-5.31e+31,8.69e+59,181,93.2,-87.3,5.79e+16,-1.26e+08,-3.49e+06,252,1.17e+07,3.19e+28,-4.37e+06,421,-1.32e+05,-1.61e+11,206,623,1.51e+27,156,5.53e+12,6.58e+07,221,-1.33e+13,1.09e+09,91.3,-2.98e+08,-50.2,9.3e+21,1.63,-22.5,9.8e+13,2.65e+10,1.65e+20,340,7.91e+05,0.1,3.76e+16,153,52.6,7.37e+09,-7.18e+03,2.8e+04,-1.96e+11,304,2.67e+11,-4.79e+17,310,8.48e+05,-67.9,-9.25e+24,4.41e+22,4.23e+28,147,-5.9e+18,-194,3.52e+17,-5.31e+17,-1.09e+20,-1.74e+26,165,3.45e+04,750,0.614,-4.56e+15,3.33e+06,133,2.31e+16,-4.33e+31,278,2.24e+23,2.69e+06,78.3,-1.58e+04,132,3.43e+08,1.95e+11,3.15e+11,849,-225,3.88e+09,7.12e+13
0,63.4,503,-522,164,4.07e+59,272,1.1e+35,1.01e+24,117,371,-1.35e+27,2.14e+19,6.56e+22,278,-95.5,-5.28e+05,-233,29.1,-5.39e+31,9.11e+59,186,97.6,-84.2,6.38e+16,-1.56e+08,-3.61e+06,260,1.17e+07,3.34e+28,-4.47e+06,425,-1.26e+05,-1.64e+11,207,635,1.56e+27,156,6.27e+12,6.75e+07,228,-1.33e+13,1.15e+09,94.1,-2.83e+08,-69.3,1.03e+22,1.46,-19.8,9.3e+13,3.07e+10,1.66e+20,346,7.97e+05,0.108,4.01e+16,161,55.5,7.49e+09,-7.31e+03,2.86e+04,-2e+11,313,2.71e+11,-4.93e+17,319,9.55e+05,-66.3,-1.01e+25,4.76e+22,4.28e+28,149,-5.85e+18,-193,4.18e+17,-5.68e+17,-1.19e+20,-1.8e+26,170,3.5e+04,769,0.256,-4.67e+15,3.45e+06,140,2.28e+16,-4.28e+31,277,2.15e+23,2.68e+06,91.3,-1.61e+04,133,3.65e+08,3.99e+11,3.09e+11,892,-220,4.03e+09,7.44e+13
0,65.6,518,-537,165,4.09e+59,275,1.12e+35,1.45e+24,122,371,-1.37e+27,2.16e+19,4.18e+22,284,-85.9,-5.39e+05,-239,14.5,-5.45e+31,9.53e+59,190,102,-80.7,7.01e+16,-1.88e+08,-3.73e+06,269,1.17e+07,3.48e+28,-4.57e+06,429,-1.19e+05,-1.67e+11,208,647,1.61e+27,156,7.05e+12,6.94e+07,234,-1.32e+13,1.21e+09,96.9,-2.66e+08,-90.1,1.12e+22,1.26,-16.9,8.71e+13,3.52e+10,1.66e+20,352,8.01e+05,0.115,4.25e+16,170,58.6,7.58e+09,-7.44e+03,2.92e+04,-2.03e+11,321,2.75e+11,-5.07e+17,328,1.05e+06,-64.2,-1.1e+25,5.11e+22,4.32e+28,151,-5.77e+18,-190,4.9e+17,-6.04e+17,-1.29e+20,-1.85e+26,174,3.54e+04,788,-0.104,-4.77e+15,3.57e+06,147,2.23e+16,-4.22e+31,276,2.04e+23,2.68e+06,105,-1.62e+04,134,3.85e+08,6.06e+11,3e+11,935,-213,4.18e+09,7.75e+13
0,67.8,532,-551,166,4.09e+59,276,1.14e+35,1.93e+24,128,371,-1.37e+27,2.18e+19,1.68e+22,289,-75.5,-5.5e+05,-244,-1.46,-5.49e+31,9.96e+59,195,106,-76.9,7.66e+16,-2.2e+08,-3.86e+06,277,1.17e+07,3.62e+28,-4.65e+06,432,-1.11e+05,-1.7e+11,209,657,1.67e+27,155,7.87e+12,7.13e+07,240,-1.32e+13,1.27e+09,99.5,-2.48e+08,-113,1.22e+22,1.05,-13.9,8.02e+13,4e+10,1.65e+20,358,8.02e+05,0.122,4.5e+16,179,61.6,7.65e+09,-7.56e+03,2.97e+04,-2.05e+11,328,2.78e+11,-5.21e+17,336,1.14e+06,-61.7,-1.19e+25,5.47e+22,4.36e+28,153,-5.66e+18,-185,5.69e+17,-6.38e+17,-1.39e+20,-1.9e+26,178,3.58e+04,806,-0.463,-4.87e+15,3.69e+06,155,2.19e+16,-4.15e+31,274,1.93e+23,2.67e+06,118,-1.64e+04,135,4.06e+08,8.16e+11,2.9e+11,978,-205,4.32e+09,8.06e+13
0,70,546,-565,166,4.09e+59,277,1.16e+35,2.43e+24,133,370,-1.38e+27,2.18e+19,-9.48e+21,294,-64.2,-5.6e+05,-248,-18.8,-5.52e+31,1.04e+60,199,111,-72.7,8.34e+16,-2.51e+08,-3.98e+06,286,1.17e+07,3.76e+28,-4.73e+06,433,-1.04e+05,-1.73e+11,209,666,1.73e+27,154,8.73e+12,7.34e+07,246,-1.31e+13,1.33e+09,102,-2.27e+08,-137,1.31e+22,0.822,-10.6,7.23e+13,4.52e+10,1.64e+20,363,8.01e+05,0.13,4.75e+16,188,64.7,7.7e+09,-7.67e+03,3.01e+04,-2.07e+11,335,2.81e+11,-5.34e+17,345,1.21e+06,-58.7,-1.29e+25,5.84e+22,4.38e+28,155,-5.52e+18,-177,6.55e+17,-6.71e+17,-1.48e+20,-1.95e+26,183,3.61e+04,824,-0.816,-4.97e+15,3.81e+06,162,2.13e+16,-4.07e+31,273,1.81e+23,2.66e+06,132,-1.65e+04,136,4.27e+08,1.03e+12,2.79e+11,1.02e+03,-196,4.46e+09,8.35e+13
0,72.2,560,-579,165,4.08e+59,277,1.18e+35,2.97e+24,139,368,-1.38e+27,2.19e+19,-3.68e+22,298,-52.1,-5.7e+05,-253,-37.6,-5.54e+31,1.08e+60,203,115,-68.3,9.05e+16,-2.83e+08,-4.11e+06,294,1.17e+07,3.89e+28,-4.79e+06,435,-9.55e+04,-1.76e+11,209,675,1.8e+27,152,9.62e+12,7.56e+07,252,-1.29e+13,1.39e+09,105,-2.05e+08,-163,1.4e+22,0.577,-7.2,6.35e+13,5.06e+10,1.63e+20,369,7.98e+05,0.137,5.01e+16,197,67.9,7.73e+09,-7.78e+03,3.04e+04,-2.08e+11,341,2.83e+11,-5.48e+17,353,1.27e+06,-55.3,-1.39e+25,6.21e+22,4.4e+28,157,-5.35e+18,-166,7.48e+17,-7.02e+17,-1.57e+20,-2e+26,187,3.63e+04,840,-1.16,-5.06e+15,3.93e+06,170,2.07e+16,-3.99e+31,271,1.68e+23,2.64e+06,146,-1.66e+04,136,4.47e+08,1.24e+12,2.66e+11,1.07e+03,-186,4.59e+09,8.62e+13
0,74.5,573,-592,165,4.06e+59,277,1.2e+35,3.54e+24,145,365,-1.38e+27,2.19e+19,-6.5e+22,302,-39.3,-5.79e+05,-257,-57.7,-5.54e+31,1.13e+60,207,119,-63.5,9.79e+16,-3.15e+08,-4.24e+06,303,1.17e+07,4.01e+28,-4.85e+06,435,-8.7e+04,-1.78e+11,209,682,1.86e+27,151,1.06e+13,7.79e+07,257,-1.27e+13,1.45e+09,107,-1.81e+08,-191,1.48e+22,0.318,-3.64,5.38e+13,5.63e+10,1.61e+20,375,7.92e+05,0.144,5.27e+16,206,71,7.72e+09,-7.88e+03,3.06e+04,-2.09e+11,347,2.85e+11,-5.61e+17,361,1.32e+06,-51.4,-1.49e+25,6.59e+22,4.41e+28,158,-5.15e+18,-153,8.49e+17,-7.3e+17,-1.66e+20,-2.04e+26,190,3.64e+04,856,-1.5,-5.16e+15,4.05e+06,178,2e+16,-3.91e+31,269,1.56e+23,2.62e+06,160,-1.66e+04,137,4.67e+08,1.44e+12,2.52e+11,1.11e+03,-176,4.72e+09,8.88e+13
0,76.7,587,-605,164,4.04e+59,277,1.21e+35,4.13e+24,150,361,-1.37e+27,2.19e+19,-9.4e+22,306,-25.8,-5.89e+05,-261,-79.1,-5.53e+31,1.18e+60,211,123,-58.5,1.06e+17,-3.45e+08,-4.37e+06,311,1.18e+07,4.12e+28,-4.9e+06,435,-7.84e+04,-1.8e+11,209,687,1.93e+27,149,1.15e+13,8.04e+07,263,-1.25e+13,1.51e+09,109,-1.55e+08,-220,1.56e+22,0.0435,0.0462,4.31e+13,6.23e+10,1.58e+20,380,7.84e+05,0.151,5.53e+16,215,74.2,7.7e+09,-7.98e+03,3.07e+04,-2.08e+11,351,2.86e+11,-5.74e+17,369,1.35e+06,-47.1,-1.59e+25,6.97e+22,4.42e+28,160,-4.92e+18,-137,9.57e+17,-7.55e+17,-1.75e+20,-2.09e+26,194,3.65e+04,871,-1.82,-5.25e+15,4.17e+06,186,1.93e+16,-3.83e+31,267,1.43e+23,2.6e+06,173,-1.67e+04,137,4.86e+08,1.65e+12,2.36e+11,1.15e+03,-165,4.84e+09,9.13e+13
0,79,600,-618,162,4e+59,275,1.23e+35,4.76e+24,156,356,-1.36e+27,2.18e+19,-1.24e+23,309,-11.6,-5.98e+05,-265,-102,-5.5e+31,1.22e+60,215,127,-53.3,1.13e+17,-3.76e+08,-4.51e+06,319,1.19e+07,4.23e+28,-4.93e+06,434,-6.96e+04,-1.83e+11,209,692,2e+27,146,1.25e+13,8.31e+07,268,-1.22e+13,1.56e+09,111,-1.28e+08,-251,1.64e+22,-0.245,3.84,3.16e+13,6.86e+10,1.55e+20,386,7.74e+05,0.157,5.79e+16,224,77.4,7.64e+09,-8.07e+03,3.07e+04,-2.07e+11,355,2.87e+11,-5.86e+17,376,1.36e+06,-42.3,-1.69e+25,7.36e+22,4.42e+28,161,-4.65e+18,-118,1.07e+18,-7.79e+17,-1.83e+20,-2.13e+26,198,3.65e+04,885,-2.13,-5.34e+15,4.3e+06,194,1.86e+16,-3.74e+31,265,1.3e+23,2.58e+06,187,-1.66e+04,137,5.04e+08,1.84e+12,2.2e+11,1.2e+03,-153,4.96e+09,9.36e+13
0,81.2,613,-630,160,3.95e+59,274,1.24e+35,5.41e+24,162,350,-1.34e+27,2.16e+19,-1.54e+23,312,3.22,-6.06e+05,-268,-126,-5.45e+31,1.27e+60,218,130,-47.9,1.22e+17,-4.05e+08,-4.65e+06,327,1.2e+07,4.32e+28,-4.95e+06,433,-6.07e+04,-1.85e+11,208,696,2.08e+27,144,1.36e+13,8.58e+07,272,-1.19e+13,1.62e+09,113,-9.99e+07,-284,1.71e+22,-0.546,7.72,1.92e+13,7.5e+10,1.52e+20,392,7.62e+05,0.164,6.05e+16,233,80.6,7.56e+09,-8.15e+03,3.05e+04,-2.06e+11,358,2.88e+11,-5.99e+17,384,1.36e+06,-37.1,-1.79e+25,7.74e+22,4.41e+28,162,-4.35e+18,-96.5,1.19e+18,-7.99e+17,-1.91e+20,-2.17e+26,201,3.65e+04,898,-2.42,-5.43e+15,4.42e+06,202,1.78e+16,-3.66e+31,264,1.18e+23,2.55e+06,200,-1.66e+04,137,5.22e+08,2.04e+12,2.02e+11,1.24e+03,-141,5.07e+09,9.56e+13
0,83.5,625,-642,158,3.89e+59,271,1.26e+35,6.09e+24,168,343,-1.31e+27,2.15e+19,-1.85e+23,314,18.6,-6.15e+05,-271,-151,-5.39e+31,1.32e+60,222,134,-42.3,1.3e+17,-4.32e+08,-4.79e+06,334,1.21e+07,4.4e+28,-4.96e+06,430,-5.17e+04,-1.87e+11,208,698,2.16e+27,141,1.47e+13,8.88e+07,277,-1.15e+13,1.67e+09,115,-7.02e+07,-318,1.77e+22,-0.859,11.7,6.14e+12,8.17e+10,1.48e+20,398,7.47e+05,0.171,6.31e+16,241,83.8,7.46e+09,-8.22e+03,3.03e+04,-2.03e+11,361,2.88e+11,-6.12e+17,391,1.34e+06,-31.5,-1.89e+25,8.12e+22,4.39e+28,163,-4.03e+18,-71.9,1.33e+18,-8.16e+17,-1.99e+20,-2.21e+26,204,3.63e+04,910,-2.7,-5.51e+15,4.54e+06,210,1.7e+16,-3.59e+31,262,1.06e+23,2.53e+06,213,-1.65e+04,137,5.39e+08,2.22e+12,1.83e+11,1.28e+03,-128,5.17e+09,9.75e+13
0,85.8,637,-654,155,3.82e+59,268,1.27e+35,6.8e+24,174,335,-1.29e+27,2.12e+19,-2.16e+23,316,34.6,-6.23e+05,-274,-177,-5.31e+31,1.36e+60,225,137,-36.5,1.38e+17,-4.59e+08,-4.94e+06,342,1.23e+07,4.46e+28,-4.96e+06,428,-4.28e+04,-1.88e+11,207,699,2.25e+27,138,1.58e+13,9.18e+07,281,-1.12e+13,1.71e+09,117,-3.94e+07,-354,1.82e+22,-1.18,15.6,-7.64e+12,8.85e+10,1.44e+20,403,7.3e+05,0.177,6.57e+16,250,87.1,7.32e+09,-8.29e+03,2.99e+04,-2e+11,362,2.88e+11,-6.24e+17,398,1.3e+06,-25.6,-1.99e+25,8.49e+22,4.37e+28,164,-3.68e+18,-44.3,1.46e+18,-8.31e+17,-2.06e+20,-2.24e+26,207,3.62e+04,922,-2.95,-5.6e+15,4.66e+06,218,1.62e+16,-3.52e+31,261,9.44e+22,2.5e+06,225,-1.64e+04,138,5.54e+08,2.4e+12,1.64e+11,1.32e+03,-115,5.26e+09,9.92e+13
0,88.2,650,-665,152,3.75e+59,265,1.28e+35,7.53e+24,180,326,-1.25e+27,2.1e+19,-2.47e+23,318,51,-6.31e+05,-277,-204,-5.22e+31,1.41e+60,228,140,-30.7,1.47e+17,-4.84e+08,-5.09e+06,349,1.25e+07,4.51e+28,-4.94e+06,424,-3.39e+04,-1.9e+11,206,699,2.34e+27,135,1.69e+13,9.5e+07,285,-1.07e+13,1.76e+09,118,-7.73e+06,-391,1.87e+22,-1.52,19.6,-2.2e+13,9.54e+10,1.4e+20,409,7.12e+05,0.184,6.83e+16,259,90.3,7.16e+09,-8.35e+03,2.94e+04,-1.96e+11,363,2.88e+11,-6.36e+17,404,1.25e+06,-19.3,-2.08e+25,8.85e+22,4.34e+28,165,-3.3e+18,-14,1.61e+18,-8.42e+17,-2.13e+20,-2.28e+26,210,3.59e+04,932,-3.18,-5.68e+15,4.77e+06,226,1.54e+16,-3.45e+31,260,8.37e+22,2.47e+06,236,-1.63e+04,138,5.69e+08,2.56e+12,1.44e+11,1.36e+03,-101,5.35e+09,1.01e+14
0,90.5,661,-676,148,3.66e+59,261,1.29e+35,8.28e+24,186,317,-1.22e+27,2.07e+19,-2.79e+23,319,67.9,-6.39e+05,-279,-231,-5.11e+31,1.46e+60,231,143,-24.8,1.56e+17,-5.07e+08,-5.24e+06,356,1.28e+07,4.55e+28,-4.92e+06,420,-2.52e+04,-1.92e+11,205,697,2.44e+27,131,1.81e+13,9.83e+07,288,-1.03e+13,1.8e+09,119,2.47e+07,-429,1.9e+22,-1.86,23.6,-3.69e+13,1.02e+11,1.35e+20,415,6.92e+05,0.191,7.08e+16,267,93.6,6.97e+09,-8.4e+03,2.88e+04,-1.91e+11,363,2.87e+11,-6.48e+17,411,1.19e+06,-12.8,-2.18e+25,9.2e+22,4.3e+28,166,-2.89e+18,19.1,1.76e+18,-8.51e+17,-2.19e+20,-2.31e+26,213,3.56e+04,942,-3.38,-5.77e+15,4.89e+06,234,1.47e+16,-3.4e+31,260,7.4e+22,2.43e+06,247,-1.62e+04,138,5.83e+08,2.72e+12,1.23e+11,1.4e+03,-87.1,5.42e+09,1.02e+14
0,92.9,673,-687,144,3.57e+59,257,1.3e+35,9.06e+24,192,306,-1.17e+27,2.03e+19,-3.1e+23,320,85.1,-6.46e+05,-281,-260,-4.98e+31,1.51e+60,233,146,-18.9,1.65e+17,-5.28e+08,-5.41e+06,363,1.31e+07,4.56e+28,-4.87e+06,415,-1.66e+04,-1.93e+11,204,695,2.54e+27,128,1.93e+13,1.02e+08,291,-9.84e+12,1.84e+09,120,5.77e+07,-469,1.92e+22,-2.22,27.6,-5.22e+13,1.09e+11,1.3e+20,421,6.7e+05,0.197,7.33e+16,275,96.8,6.76e+09,-8.44e+03,2.8e+04,-1.85e+11,362,2.87e+11,-6.6e+17,417,1.11e+06,-6.05,-2.27e+25,9.53e+22,4.27e+28,166,-2.47e+18,54.6,1.92e+18,-8.57e+17,-2.25e+20,-2.34e+26,216,3.52e+04,951,-3.57,-5.85e+15,5.01e+06,242,1.39e+16,-3.35e+31,260,6.54e+22,2.4e+06,258,-1.6e+04,139,5.95e+08,2.87e+12,1.03e+11,1.44e+03,-73.2,5.49e+09,1.03e+14
0,95.3,684,-697,140,3.46e+59,252,1.31e+35,9.86e+24,198,295,-1.12e+27,1.99e+19,-3.41e+23,321,103,-6.53e+05,-282,-289,-4.84e+31,1.55e+60,236,148,-12.9,1.74e+17,-5.47e+08,-5.57e+06,370,1.34e+07,4.56e+28,-4.82e+06,409,-8.16e+03,-1.94e+11,202,691,2.65e+27,124,2.06e+13,1.05e+08,294,-9.36e+12,1.88e+09,121,9.1e+07,-509,1.94e+22,-2.58,31.5,-6.77e+13,1.16e+11,1.25e+20,426,6.46e+05,0.204,7.57e+16,283,100,6.52e+09,-8.46e+03,2.71e+04,-1.79e+11,360,2.86e+11,-6.72e+17,422,1.03e+06,0.877,-2.36e+25,9.85e+22,4.22e+28,167,-2.02e+18,92.6,2.08e+18,-8.59e+17,-2.31e+20,-2.37e+26,218,3.47e+04,959,-3.72,-5.93e+15,5.12e+06,249,1.32e+16,-3.32e+31,261,5.82e+22,2.37e+06,267,-1.58e+04,140,6.06e+08,3e+12,8.23e+10,1.47e+03,-59.2,5.56e+09,1.04e+14
0,97.7,695,-707,135,3.35e+59,246,1.32e+35,1.07e+25,204,283,-1.07e+27,1.95e+19,-3.72e+23,321,120,-6.6e+05,-284,-318,-4.69e+31,1.6e+60,238,150,-6.98,1.83e+17,-5.64e+08,-5.74e+06,377,1.38e+07,4.53e+28,-4.75e+06,402,9.49,-1.95e+11,201,686,2.76e+27,121,2.18e+13,1.09e+08,297,-8.86e+12,1.91e+09,122,1.25e+08,-551,1.94e+22,-2.95,35.3,-8.34e+13,1.23e+11,1.19e+20,432,6.22e+05,0.211,7.81e+16,290,103,6.26e+09,-8.47e+03,2.61e+04,-1.72e+11,357,2.85e+11,-6.84e+17,428,9.35e+05,7.91,-2.44e+25,1.01e+23,4.17e+28,167,-1.56e+18,133,2.26e+18,-8.6e+17,-2.36e+20,-2.39e+26,220,3.41e+04,966,-3.86,-6.01e+15,5.23e+06,256,1.25e+16,-3.3e+31,262,5.25e+22,2.33e+06,276,-1.56e+04,141,6.16e+08,3.13e+12,6.2e+10,1.51e+03,-45.3,5.61e+09,1.04e+14
0,100,705,-716,129,3.23e+59,241,1.33e+35,1.15e+25,209,270,-1.01e+27,1.9e+19,-4.02e+23,321,139,-6.67e+05,-284,-348,-4.52e+31,1.64e+60,240,152,-1.13,1.92e+17,-5.79e+08,-5.92e+06,383,1.42e+07,4.49e+28,-4.66e+06,395,7.91e+03,-1.96e+11,200,680,2.88e+27,117,2.31e+13,1.12e+08,299,-8.35e+12,1.94e+09,122,1.58e+08,-593,1.93e+22,-3.32,38.9,-9.9e+13,1.3e+11,1.13e+20,438,5.97e+05,0.219,8.04e+16,297,106,5.98e+09,-8.47e+03,2.49e+04,-1.64e+11,354,2.84e+11,-6.96e+17,433,8.35e+05,15,-2.52e+25,1.04e+23,4.12e+28,167,-1.08e+18,175,2.43e+18,-8.58e+17,-2.41e+20,-2.41e+26,222,3.35e+04,973,-3.96,-6.09e+15,5.33e+06,263,1.19e+16,-3.29e+31,264,4.84e+22,2.29e+06,283,-1.54e+04,142,6.24e+08,3.24e+12,4.21e+10,1.54e+03,-31.6,5.66e+09,1.04e+14
0,103,715,-725,123,3.11e+59,234,1.33e+35,1.23e+25,215,257,-9.48e+26,1.85e+19,-4.32e+23,320,157,-6.73e+05,-285,-378,-4.34e+31,1.69e+60,242,154,4.63,2.01e+17,-5.92e+08,-6.1e+06,389,1.47e+07,4.42e+28,-4.56e+06,388,1.55e+04,-1.97e+11,198,674,3e+27,113,2.45e+13,1.16e+08,301,-7.83e+12,1.96e+09,122,1.91e+08,-635,1.91e+22,-3.7,42.5,-1.15e+14,1.37e+11,1.08e+20,443,5.71e+05,0.226,8.27e+16,304,110,5.67e+09,-8.46e+03,2.36e+04,-1.56e+11,350,2.83e+11,-7.08e+17,437,7.32e+05,22.1,-2.59e+25,1.07e+23,4.07e+28,167,-5.91e+17,218,2.61e+18,-8.53e+17,-2.45e+20,-2.44e+26,224,3.29e+04,978,-4.04,-6.17e+15,5.43e+06,270,1.13e+16,-3.3e+31,266,4.61e+22,2.25e+06,290,-1.52e+04,143,6.32e+08,3.34e+12,2.28e+10,1.57e+03,-18.2,5.7e+09,1.05e+14
0,105,725,-734,117,2.97e+59,228,1.34e+35,1.32e+25,221,242,-8.8e+26,1.79e+19,-4.62e+23,319,175,-6.79e+05,-285,-408,-4.15e+31,1.73e+60,244,155,10.3,2.1e+17,-6.03e+08,-6.29e+06,395,1.52e+07,4.33e+28,-4.45e+06,379,2.29e+04,-1.98e+11,197,666,3.13e+27,110,2.58e+13,1.19e+08,303,-7.31e+12,1.98e+09,122,2.24e+08,-677,1.88e+22,-4.08,45.8,-1.3e+14,1.43e+11,1.02e+20,448,5.45e+05,0.234,8.49e+16,310,113,5.35e+09,-8.42e+03,2.22e+04,-1.47e+11,345,2.82e+11,-7.2e+17,441,6.29e+05,29,-2.65e+25,1.09e+23,4.01e+28,167,-9.4e+16,263,2.8e+18,-8.47e+17,-2.5e+20,-2.45e+26,226,3.21e+04,983,-4.09,-6.24e+15,5.53e+06,276,1.08e+16,-3.32e+31,269,4.58e+22,2.21e+06,295,-1.49e+04,145,6.37e+08,3.43e+12,4.31e+09,1.6e+03,-5.17,5.73e+09,1.04e+14
0,107,735,-742,111,2.83e+59,220,1.34e+35,1.41e+25,227,227,-8.08e+26,1.74e+19,-4.91e+23,318,193,-6.84e+05,-285,-437,-3.95e+31,1.77e+60,246,156,15.7,2.19e+17,-6.12e+08,-6.48e+06,401,1.58e+07,4.21e+28,-4.32e+06,370,2.99e+04,-1.99e+11,196,657,3.27e+27,106,2.72e+13,1.22e+08,304,-6.79e+12,1.99e+09,122,2.56e+08,-720,1.84e+22,-4.47,49,-1.45e+14,1.49e+11,9.61e+19,453,5.19e+05,0.243,8.69e+16,316,116,5e+09,-8.37e+03,2.06e+04,-1.38e+11,339,2.81e+11,-7.32e+17,445,5.29e+05,35.8,-2.71e+25,1.11e+23,3.95e+28,167,4.08e+17,308,2.99e+18,-8.39e+17,-2.54e+20,-2.47e+26,227,3.14e+04,987,-4.12,-6.32e+15,5.62e+06,282,1.04e+16,-3.35e+31,272,4.76e+22,2.16e+06,300,-1.47e+04,147,6.41e+08,3.52e+12,-1.31e+10,1.63e+03,7.4,5.76e+09,1.04e+14
0,110,744,-749,104,2.68e+59,213,1.35e+35,1.49e+25,232,212,-7.32e+26,1.68e+19,-5.19e+23,316,211,-6.9e+05,-285,-466,-3.74e+31,1.81e+60,247,156,21,2.28e+17,-6.18e+08,-6.68e+06,407,1.64e+07,4.07e+28,-4.18e+06,360,3.66e+04,-1.99e+11,194,648,3.41e+27,103,2.86e+13,1.25e+08,305,-6.28e+12,2e+09,121,2.86e+08,-762,1.78e+22,-4.86,51.9,-1.59e+14,1.55e+11,9.03e+19,458,4.93e+05,0.252,8.89e+16,321,119,4.64e+09,-8.3e+03,1.9e+04,-1.28e+11,333,2.8e+11,-7.44e+17,448,4.36e+05,42.4,-2.76e+25,1.13e+23,3.89e+28,166,9.11e+17,354,3.18e+18,-8.29e+17,-2.58e+20,-2.49e+26,229,3.05e+04,991,-4.12,-6.39e+15,5.71e+06,287,1.01e+16,-3.41e+31,276,5.16e+22,2.12e+06,303,-1.45e+04,150,6.44e+08,3.59e+12,-2.93e+10,1.65e+03,19.4,5.78e+09,1.04e+14
0,112,752,-756,96.1,2.52e+59,205,1.35e+35,1.58e+25,238,196,-6.52e+26,1.61e+19,-5.46e+23,314,230,-6.94e+05,-284,-494,-3.52e+31,1.85e+60,248,156,26,2.37e+17,-6.23e+08,-6.88e+06,412,1.7e+07,3.9e+28,-4.03e+06,349,4.3e+04,-1.99e+11,193,638,3.56e+27,99.8,3e+13,1.28e+08,306,-5.77e+12,2e+09,120,3.16e+08,-804,1.71e+22,-5.25,54.6,-1.72e+14,1.6e+11,8.47e+19,462,4.67e+05,0.261,9.08e+16,325,122,4.27e+09,-8.21e+03,1.72e+04,-1.18e+11,326,2.8e+11,-7.56e+17,451,3.53e+05,48.6,-2.8e+25,1.14e+23,3.83e+28,166,1.41e+18,401,3.37e+18,-8.19e+17,-2.61e+20,-2.5e+26,230,2.96e+04,993,-4.09,-6.45e+15,5.79e+06,292,9.87e+15,-3.48e+31,280,5.78e+22,2.07e+06,306,-1.42e+04,153,6.45e+08,3.65e+12,-4.41e+10,1.67e+03,30.8,5.8e+09,1.03e+14
0,115,760,-762,88.3,2.36e+59,197,1.35e+35,1.67e+25,243,179,-5.69e+26,1.55e+19,-5.72e+23,311,248,-6.98e+05,-283,-521,-3.29e+31,1.88e+60,249,156,30.7,2.46e+17,-6.27e+08,-7.09e+06,417,1.76e+07,3.71e+28,-3.86e+06,338,4.91e+04,-2e+11,192,627,3.71e+27,96.8,3.14e+13,1.31e+08,307,-5.29e+12,2e+09,119,3.44e+08,-845,1.63e+22,-5.64,57.1,-1.85e+14,1.65e+11,7.92e+19,466,4.43e+05,0.271,9.26e+16,330,125,3.89e+09,-8.1e+03,1.53e+04,-1.08e+11,319,2.79e+11,-7.68e+17,453,2.83e+05,54.4,-2.83e+25,1.15e+23,3.77e+28,165,1.91e+18,446,3.57e+18,-8.07e+17,-2.65e+20,-2.51e+26,231,2.87e+04,995,-4.03,-6.52e+15,5.86e+06,297,9.77e+15,-3.56e+31,285,6.64e+22,2.01e+06,307,-1.4e+04,156,6.45e+08,3.7e+12,-5.73e+10,1.69e+03,41.4,5.82e+09,1.02e+14
0,118,768,-768,80.1,2.19e+59,188,1.35e+35,1.76e+25,248,162,-4.83e+26,1.48e+19,-5.98e+23,309,265,-7.02e+05,-281,-547,-3.06e+31,1.92e+60,250,155,35.2,2.54e+17,-6.29e+08,-7.31e+06,422,1.83e+07,3.49e+28,-3.68e+06,325,5.5e+04,-2e+11,190,616,3.86e+27,94.1,3.28e+13,1.34e+08,307,-4.83e+12,1.99e+09,117,3.71e+08,-884,1.54e+22,-6.03,59.3,-1.96e+14,1.7e+11,7.39e+19,469,4.2e+05,0.282,9.42e+16,333,128,3.49e+09,-7.96e+03,1.33e+04,-9.79e+10,312,2.79e+11,-7.8e+17,455,2.31e+05,59.7,-2.86e+25,1.15e+23,3.71e+28,164,2.39e+18,491,3.76e+18,-7.95e+17,-2.69e+20,-2.52e+26,232,2.77e+04,996,-3.95,-6.57e+15,5.93e+06,301,9.78e+15,-3.66e+31,291,7.73e+22,1.95e+06,307,-1.38e+04,159,6.43e+08,3.75e+12,-6.89e+10,1.7e+03,51.3,5.83e+09,1.02e+14
0,120,775,-773,71.5,2.02e+59,179,1.35e+35,1.84e+25,253,145,-3.94e+26,1.41e+19,-6.22e+23,306,283,-7.05e+05,-280,-571,-2.83e+31,1.95e+60,251,154,39.3,2.62e+17,-6.3e+08,-7.53e+06,427,1.9e+07,3.24e+28,-3.49e+06,312,6.07e+04,-2e+11,189,604,4.02e+27,91.6,3.42e+13,1.36e+08,307,-4.4e+12,1.97e+09,115,3.96e+08,-922,1.43e+22,-6.42,61.2,-2.06e+14,1.73e+11,6.88e+19,472,3.98e+05,0.293,9.57e+16,336,131,3.09e+09,-7.8e+03,1.13e+04,-8.75e+10,304,2.78e+11,-7.93e+17,456,1.99e+05,64.4,-2.87e+25,1.16e+23,3.65e+28,163,2.87e+18,535,3.95e+18,-7.83e+17,-2.72e+20,-2.53e+26,233,2.66e+04,996,-3.85,-6.62e+15,5.99e+06,304,9.92e+15,-3.78e+31,297,9.05e+22,1.89e+06,305,-1.36e+04,163,6.4e+08,3.79e+12,-7.86e+10,1.71e+03,60.3,5.84e+09,1.01e+14
0,123,782,-778,62.6,1.84e+59,170,1.35e+35,1.93e+25,258,127,-3.04e+26,1.34e+19,-6.46e+23,302,300,-7.08e+05,-277,-594,-2.6e+31,1.97e+60,251,153,43.1,2.7e+17,-6.3e+08,-7.75e+06,432,1.97e+07,2.97e+28,-3.29e+06,299,6.62e+04,-2e+11,187,593,4.19e+27,89.4,3.57e+13,1.38e+08,307,-3.99e+12,1.96e+09,113,4.19e+08,-959,1.32e+22,-6.81,62.8,-2.15e+14,1.77e+11,6.41e+19,473,3.78e+05,0.305,9.71e+16,339,133,2.68e+09,-7.62e+03,9.2e+03,-7.71e+10,296,2.78e+11,-8.05e+17,457,1.91e+05,68.5,-2.87e+25,1.15e+23,3.59e+28,162,3.32e+18,576,4.14e+18,-7.71e+17,-2.76e+20,-2.54e+26,234,2.56e+04,996,-3.71,-6.67e+15,6.04e+06,307,1.02e+16,-3.91e+31,303,1.06e+23,1.83e+06,303,-1.34e+04,167,6.36e+08,3.82e+12,-8.63e+10,1.72e+03,68.5,5.84e+09,9.96e+13
0,125,788,-782,53.4,1.66e+59,161,1.35e+35,2.02e+25,263,109,-2.12e+26,1.27e+19,-6.68e+23,298,317,-7.09e+05,-275,-615,-2.36e+31,2e+60,251,151,46.4,2.78e+17,-6.29e+08,-7.98e+06,437,2.04e+07,2.67e+28,-3.08e+06,284,7.16e+04,-1.99e+11,186,581,4.35e+27,87.6,3.71e+13,1.4e+08,306,-3.63e+12,1.93e+09,111,4.39e+08,-993,1.19e+22,-7.2,64,-2.22e+14,1.79e+11,5.97e+19,474,3.6e+05,0.317,9.84e+16,340,136,2.27e+09,-7.41e+03,7.05e+03,-6.68e+10,288,2.79e+11,-8.17e+17,458,2.11e+05,71.9,-2.86e+25,1.15e+23,3.53e+28,161,3.76e+18,616,4.32e+18,-7.6e+17,-2.8e+20,-2.54e+26,235,2.44e+04,994,-3.56,-6.71e+15,6.08e+06,309,1.06e+16,-4.05e+31,309,1.24e+23,1.76e+06,300,-1.32e+04,171,6.3e+08,3.85e+12,-9.21e+10,1.72e+03,75.7,5.85e+09,9.85e+13
0,128,794,-785,43.9,1.47e+59,151,1.35e+35,2.1e+25,267,90.2,-1.19e+26,1.2e+19,-6.9e+23,294,333,-7.1e+05,-272,-633,-2.13e+31,2.02e+60,251,149,49.4,2.85e+17,-6.29e+08,-8.21e+06,441,2.11e+07,2.35e+28,-2.86e+06,269,7.69e+04,-1.99e+11,184,569,4.52e+27,86.1,3.85e+13,1.41e+08,305,-3.31e+12,1.9e+09,108,4.57e+08,-1.02e+03,1.05e+22,-7.59,65,-2.27e+14,1.81e+11,5.56e+19,474,3.45e+05,0.33,9.95e+16,342,138,1.85e+09,-7.17e+03,4.85e+03,-5.67e+10,281,2.79e+11,-8.3e+17,457,2.61e+05,74.5,-2.85e+25,1.14e+23,3.47e+28,159,4.17e+18,652,4.5e+18,-7.49e+17,-2.84e+20,-2.55e+26,236,2.33e+04,991,-3.38,-6.74e+15,6.11e+06,311,1.11e+16,-4.2e+31,316,1.44e+23,1.69e+06,295,-1.3e+04,176,6.22e+08,3.88e+12,-9.58e+10,1.72e+03,81.9,5.86e+09,9.75e+13
0,131,799,-788,34.1,1.28e+59,141,1.34e+35,2.18e+25,271,71.7,-2.56e+25,1.12e+19,-7.1e+23,290,349,-7.1e+05,-269,-650,-1.9e+31,2.03e+60,251,146,51.9,2.92e+17,-6.28e+08,-8.44e+06,445,2.18e+07,2e+28,-2.63e+06,253,8.22e+04,-1.98e+11,183,558,4.7e+27,85,3.99e+13,1.42e+08,304,-3.03e+12,1.87e+09,105,4.73e+08,-1.05e+03,9.08e+21,-7.97,65.7,-2.31e+14,1.82e+11,5.2e+19,473,3.32e+05,0.344,1e+17,342,141,1.44e+09,-6.91e+03,2.63e+03,-4.69e+10,273,2.8e+11,-8.42e+17,457,3.44e+05,76.2,-2.82e+25,1.13e+23,3.41e+28,158,4.56e+18,686,4.67e+18,-7.39e+17,-2.88e+20,-2.55e+26,237,2.22e+04,987,-3.17,-6.76e+15,6.14e+06,312,1.17e+16,-4.37e+31,323,1.66e+23,1.61e+06,289,-1.29e+04,181,6.14e+08,3.9e+12,-9.75e+10,1.71e+03,87.2,5.86e+09,9.64e+13
0,133,804,-790,24,1.09e+59,131,1.34e+35,2.26e+25,275,53.1,6.75e+25,1.05e+19,-7.3e+23,286,364,-7.09e+05,-266,-664,-1.68e+31,2.04e+60,251,144,54,2.99e+17,-6.29e+08,-8.68e+06,449,2.25e+07,1.63e+28,-2.39e+06,236,8.76e+04,-1.97e+11,181,546,4.87e+27,84.3,4.13e+13,1.42e+08,303,-2.8e+12,1.83e+09,101,4.86e+08,-1.08e+03,7.52e+21,-8.35,66,-2.33e+14,1.83e+11,4.87e+19,471,3.23e+05,0.357,1.01e+17,342,143,1.04e+09,-6.61e+03,401,-3.74e+10,266,2.81e+11,-8.55e+17,455,4.61e+05,77.1,-2.78e+25,1.11e+23,3.35e+28,156,4.91e+18,716,4.83e+18,-7.31e+17,-2.92e+20,-2.55e+26,237,2.1e+04,981,-2.94,-6.77e+15,6.16e+06,312,1.25e+16,-4.54e+31,330,1.9e+23,1.53e+06,282,-1.28e+04,185,6.04e+08,3.93e+12,-9.71e+10,1.7e+03,91.5,5.87e+09,9.54e+13
0,136,808,-791,13.7,8.97e+58,121,1.33e+35,2.34e+25,279,34.5,1.6e+26,9.77e+18,-7.48e+23,281,378,-7.07e+05,-262,-675,-1.47e+31,2.05e+60,250,141,55.6,3.05e+17,-6.31e+08,-8.92e+06,453,2.31e+07,1.24e+28,-2.15e+06,218,9.32e+04,-1.97e+11,180,536,5.05e+27,84,4.27e+13,1.42e+08,301,-2.62e+12,1.78e+09,97.2,4.97e+08,-1.1e+03,5.87e+21,-8.72,66.1,-2.33e+14,1.82e+11,4.59e+19,468,3.16e+05,0.371,1.02e+17,342,145,6.39e+08,-6.29e+03,-1.82e+03,-2.84e+10,259,2.83e+11,-8.67e+17,453,6.15e+05,77,-2.73e+25,1.09e+23,3.29e+28,154,5.24e+18,741,4.99e+18,-7.24e+17,-2.96e+20,-2.55e+26,238,1.99e+04,974,-2.69,-6.77e+15,6.16e+06,312,1.34e+16,-4.72e+31,337,2.16e+23,1.45e+06,274,-1.27e+04,190,5.93e+08,3.95e+12,-9.47e+10,1.69e+03,94.8,5.88e+09,9.44e+13
0,139,811,-792,3.2,7.03e+58,111,1.33e+35,2.41e+25,282,15.9,2.5e+26,9.05e+18,-7.66e+23,276,392,-7.04e+05,-258,-683,-1.27e+31,2.06e+60,249,137,56.7,3.1e+17,-6.34e+08,-9.16e+06,457,2.37e+07,8.31e+27,-1.9e+06,200,9.9e+04,-1.95e+11,178,526,5.22e+27,84.2,4.41e+13,1.41e+08,299,-2.5e+12,1.74e+09,93,5.05e+08,-1.12e+03,4.15e+21,-9.09,66,-2.31e+14,1.81e+11,4.36e+19,463,3.13e+05,0.385,1.03e+17,341,147,2.51e+08,-5.94e+03,-4.01e+03,-1.99e+10,253,2.85e+11,-8.79e+17,451,8.07e+05,75.9,-2.67e+25,1.06e+23,3.24e+28,151,5.54e+18,763,5.13e+18,-7.19e+17,-3.01e+20,-2.55e+26,239,1.87e+04,966,-2.42,-6.76e+15,6.16e+06,311,1.44e+16,-4.9e+31,343,2.43e+23,1.36e+06,265,-1.27e+04,195,5.81e+08,3.98e+12,-9.04e+10,1.67e+03,97.1,5.89e+09,9.34e+13
0,142,814,-792,-7.47,5.09e+58,101,1.32e+35,2.48e+25,285,-2.52,3.39e+26,8.34e+18,-7.83e+23,271,406,-7e+05,-254,-688,-1.07e+31,2.06e+60,248,134,57.2,3.16e+17,-6.4e+08,-9.4e+06,461,2.42e+07,4.04e+27,-1.65e+06,181,1.05e+05,-1.94e+11,177,517,5.4e+27,84.9,4.54e+13,1.4e+08,297,-2.44e+12,1.68e+09,88.5,5.1e+08,-1.14e+03,2.35e+21,-9.45,65.5,-2.27e+14,1.8e+11,4.17e+19,457,3.13e+05,0.399,1.03e+17,339,148,-1.25e+08,-5.55e+03,-6.17e+03,-1.2e+10,248,2.87e+11,-8.91e+17,448,1.04e+06,73.9,-2.6e+25,1.03e+23,3.18e+28,149,5.8e+18,780,5.25e+18,-7.15e+17,-3.05e+20,-2.54e+26,239,1.76e+04,956,-2.14,-6.73e+15,6.15e+06,309,1.55e+16,-5.09e+31,350,2.72e+23,1.27e+06,255,-1.26e+04,200,5.68e+08,4e+12,-8.42e+10,1.64e+03,98.6,5.91e+09,9.26e+13
0,145,817,-791,-18.3,3.15e+58,90.3,1.31e+35,2.55e+25,288,-20.8,4.24e+26,7.65e+18,-7.99e+23,265,418,-6.94e+05,-249,-689,-8.94e+30,2.05e+60,246,130,57.2,3.2e+17,-6.48e+08,-9.64e+06,464,2.46e+07,-3.81e+26,-1.39e+06,161,1.12e+05,-1.93e+11,175,509,5.57e+27,86,4.67e+13,1.38e+08,295,-2.44e+12,1.63e+09,83.7,5.12e+08,-1.15e+03,4.85e+20,-9.8,64.9,-2.21e+14,1.77e+11,4.03e+19,450,3.16e+05,0.413,1.03e+17,337,150,-4.86e+08,-5.14e+03,-8.27e+03,-4.73e+09,243,2.89e+11,-9.02e+17,445,1.3e+06,70.8,-2.53e+25,1e+23,3.13e+28,146,6.02e+18,792,5.36e+18,-7.13e+17,-3.1e+20,-2.54e+26,240,1.65e+04,944,-1.83,-6.69e+15,6.12e+06,307,1.67e+16,-5.27e+31,356,3.01e+23,1.19e+06,245,-1.26e+04,204,5.54e+08,4.02e+12,-7.62e+10,1.61e+03,99.1,5.92e+09,9.18e+13
0,147,818,-789,-29.1,1.22e+58,80,1.3e+35,2.62e+25,290,-38.7,5.06e+26,6.98e+18,-8.14e+23,260,430,-6.87e+05,-244,-687,-7.29e+30,2.04e+60,245,126,56.7,3.24e+17,-6.6e+08,-9.87e+06,468,2.49e+07,-4.93e+27,-1.13e+06,140,1.19e+05,-1.91e+11,173,502,5.74e+27,87.6,4.79e+13,1.35e+08,293,-2.49e+12,1.57e+09,78.6,5.12e+08,-1.15e+03,-1.44e+21,-10.1,64.1,-2.14e+14,1.74e+11,3.94e+19,441,3.23e+05,0.427,1.04e+17,335,151,-8.28e+08,-4.7e+03,-1.03e+04,1.86e+09,239,2.91e+11,-9.13e+17,441,1.61e+06,66.8,-2.44e+25,9.7e+22,3.07e+28,144,6.21e+18,799,5.46e+18,-7.13e+17,-3.15e+20,-2.53e+26,240,1.55e+04,930,-1.51,-6.64e+15,6.09e+06,304,1.8e+16,-5.46e+31,362,3.32e+23,1.1e+06,233,-1.26e+04,208,5.39e+08,4.05e+12,-6.67e+10,1.57e+03,98.7,5.94e+09,9.1e+13
0,150,819,-786,-40.1,-6.96e+57,69.7,1.29e+35,2.68e+25,292,-56.4,5.84e+26,6.32e+18,-8.28e+23,254,441,-6.78e+05,-239,-682,-5.8e+30,2.03e+60,243,121,55.6,3.28e+17,-6.76e+08,-1.01e+07,471,2.51e+07,-9.58e+27,-8.73e+05,119,1.27e+05,-1.9e+11,171,496,5.91e+27,89.7,4.91e+13,1.32e+08,290,-2.6e+12,1.5e+09,73.2,5.09e+08,-1.15e+03,-3.43e+21,-10.5,63.2,-2.04e+14,1.7e+11,3.88e+19,431,3.34e+05,0.44,1.04e+17,332,152,-1.15e+09,-4.23e+03,-1.22e+04,7.72e+09,236,2.94e+11,-9.24e+17,437,1.94e+06,61.8,-2.35e+25,9.34e+22,3.02e+28,141,6.36e+18,801,5.54e+18,-7.14e+17,-3.2e+20,-2.53e+26,240,1.45e+04,914,-1.18,-6.57e+15,6.04e+06,301,1.94e+16,-5.63e+31,367,3.62e+23,1.02e+06,220,-1.27e+04,212,5.23e+08,4.08e+12,-5.57e+10,1.53e+03,97.5,5.97e+09,9.04e+13
0,153,819,-783,-51,-2.58e+58,59.6,1.28e+35,2.73e+25,294,-73.6,6.56e+26,5.7e+18,-8.42e+23,248,451,-6.68e+05,-234,-673,-4.48e+30,2.01e+60,241,117,54,3.31e+17,-6.96e+08,-1.03e+07,474,2.53e+07,-1.43e+28,-6.15e+05,96.9,1.35e+05,-1.88e+11,169,493,6.07e+27,92.3,5.02e+13,1.29e+08,288,-2.78e+12,1.44e+09,67.5,5.04e+08,-1.15e+03,-5.46e+21,-10.8,62.2,-1.93e+14,1.66e+11,3.87e+19,419,3.48e+05,0.453,1.04e+17,329,153,-1.45e+09,-3.73e+03,-1.41e+04,1.28e+10,234,2.96e+11,-9.34e+17,432,2.31e+06,56,-2.25e+25,8.96e+22,2.97e+28,137,6.48e+18,798,5.59e+18,-7.18e+17,-3.25e+20,-2.52e+26,240,1.35e+04,896,-0.834,-6.49e+15,5.99e+06,297,2.08e+16,-5.8e+31,371,3.93e+23,9.36e+05,206,-1.28e+04,215,5.07e+08,4.11e+12,-4.34e+10,1.49e+03,95.5,6e+09,8.99e+13
0,156,819,-778,-62,-4.43e+58,49.5,1.27e+35,2.78e+25,295,-90.3,7.23e+26,5.1e+18,-8.55e+23,242,460,-6.56e+05,-229,-660,-3.35e+30,1.99e+60,238,112,51.7,3.34e+17,-7.21e+08,-1.06e+07,477,2.53e+07,-1.9e+28,-3.58e+05,74.3,1.44e+05,-1.86e+11,167,491,6.23e+27,95.3,5.12e+13,1.24e+08,285,-3e+12,1.37e+09,61.6,4.96e+08,-1.14e+03,-7.54e+21,-11.1,61.2,-1.8e+14,1.61e+11,3.89e+19,406,3.65e+05,0.464,1.04e+17,326,154,-1.72e+09,-3.21e+03,-1.58e+04,1.72e+10,233,2.99e+11,-9.44e+17,426,2.71e+06,49.2,-2.15e+25,8.57e+22,2.91e+28,134,6.56e+18,790,5.63e+18,-7.22e+17,-3.3e+20,-2.51e+26,241,1.26e+04,875,-0.486,-6.39e+15,5.93e+06,293,2.22e+16,-5.96e+31,375,4.24e+23,8.61e+05,191,-1.29e+04,217,4.9e+08,4.14e+12,-2.99e+10,1.44e+03,92.8,6.04e+09,8.94e+13
0,159,817,-773,-72.8,-6.23e+58,39.6,1.25e+35,2.83e+25,296,-107,7.83e+26,4.54e+18,-8.67e+23,236,469,-6.42e+05,-223,-643,-2.41e+30,1.96e+60,236,108,48.9,3.36e+17,-7.52e+08,-1.08e+07,480,2.51e+07,-2.38e+28,-1.05e+05,51.1,1.54e+05,-1.84e+11,164,490,6.38e+27,98.8,5.22e+13,1.2e+08,282,-3.29e+12,1.3e+09,55.5,4.86e+08,-1.13e+03,-9.67e+21,-11.4,60.3,-1.66e+14,1.55e+11,3.94e+19,391,3.85e+05,0.475,1.04e+17,322,155,-1.96e+09,-2.66e+03,-1.74e+04,2.09e+10,233,3.01e+11,-9.52e+17,421,3.12e+06,41.8,-2.04e+25,8.16e+22,2.86e+28,131,6.61e+18,778,5.65e+18,-7.28e+17,-3.34e+20,-2.5e+26,241,1.18e+04,851,-0.134,-6.28e+15,5.85e+06,288,2.37e+16,-6.11e+31,378,4.54e+23,7.93e+05,176,-1.31e+04,219,4.73e+08,4.17e+12,-1.55e+10,1.38e+03,89.4,6.08e+09,8.91e+13
0,162,815,-767,-83.5,-7.99e+58,29.9,1.24e+35,2.87e+25,296,-122,8.37e+26,4.01e+18,-8.79e+23,229,476,-6.26e+05,-217,-623,-1.68e+30,1.93e+60,233,103,45.5,3.38e+17,-7.87e+08,-1.1e+07,483,2.48e+07,-2.85e+28,1.45e+05,27.4,1.65e+05,-1.82e+11,162,492,6.53e+27,103,5.31e+13,1.15e+08,278,-3.62e+12,1.23e+09,49.3,4.75e+08,-1.11e+03,-1.18e+22,-11.6,59.5,-1.5e+14,1.49e+11,4.02e+19,375,4.07e+05,0.485,1.04e+17,319,155,-2.17e+09,-2.08e+03,-1.88e+04,2.39e+10,234,3.04e+11,-9.6e+17,415,3.56e+06,33.7,-1.93e+25,7.75e+22,2.8e+28,127,6.62e+18,761,5.64e+18,-7.35e+17,-3.39e+20,-2.49e+26,240,1.11e+04,825,0.215,-6.16e+15,5.77e+06,282,2.52e+16,-6.24e+31,380,4.83e+23,7.34e+05,160,-1.32e+04,220,4.56e+08,4.19e+12,-2.96e+08,1.32e+03,85.4,6.13e+09,8.88e+13
0,165,812,-759,-93.9,-9.68e+58,20.5,1.22e+35,2.9e+25,296,-137,8.83e+26,3.51e+18,-8.9e+23,223,483,-6.08e+05,-211,-598,-1.14e+30,1.89e+60,230,98.2,41.6,3.39e+17,-8.3e+08,-1.12e+07,486,2.44e+07,-3.32e+28,3.9e+05,3.22,1.77e+05,-1.8e+11,159,497,6.66e+27,107,5.39e+13,1.09e+08,275,-3.99e+12,1.16e+09,42.8,4.62e+08,-1.08e+03,-1.4e+22,-11.8,58.9,-1.34e+14,1.43e+11,4.12e+19,357,4.32e+05,0.494,1.04e+17,316,156,-2.34e+09,-1.48e+03,-2.02e+04,2.62e+10,236,3.06e+11,-9.66e+17,408,4.01e+06,25.1,-1.81e+25,7.34e+22,2.74e+28,123,6.6e+18,740,5.62e+18,-7.43e+17,-3.44e+20,-2.47e+26,240,1.05e+04,796,0.558,-6.02e+15,5.68e+06,276,2.67e+16,-6.35e+31,381,5.1e+23,6.86e+05,143,-1.34e+04,220,4.38e+08,4.21e+12,1.56e+10,1.26e+03,80.9,6.19e+09,8.85e+13
0,168,809,-751,-104,-1.13e+59,11.3,1.2e+35,2.93e+25,296,-151,9.21e+26,3.06e+18,-9.01e+23,217,489,-5.88e+05,-205,-570,-8.19e+29,1.85e+60,227,93.5,37.1,3.39e+17,-8.78e+08,-1.13e+07,489,2.37e+07,-3.77e+28,6.28e+05,-21.4,1.9e+05,-1.77e+11,157,503,6.79e+27,112,5.47e+13,1.03e+08,272,-4.41e+12,1.08e+09,36.3,4.47e+08,-1.05e+03,-1.63e+22,-12,58.6,-1.16e+14,1.37e+11,4.24e+19,338,4.59e+05,0.501,1.03e+17,313,156,-2.48e+09,-862,-2.13e+04,2.79e+10,238,3.08e+11,-9.71e+17,401,4.46e+06,16.1,-1.7e+25,6.93e+22,2.68e+28,120,6.55e+18,716,5.56e+18,-7.51e+17,-3.48e+20,-2.46e+26,240,9.99e+03,764,0.89,-5.87e+15,5.57e+06,270,2.81e+16,-6.45e+31,381,5.36e+23,6.51e+05,125,-1.37e+04,219,4.21e+08,4.23e+12,3.19e+10,1.2e+03,75.8,6.27e+09,8.84e+13
0,171,804,-741,-114,-1.29e+59,2.45,1.18e+35,2.95e+25,295,-164,9.5e+26,2.64e+18,-9.1e+23,210,493,-5.66e+05,-199,-538,-6.99e+29,1.8e+60,223,88.7,32,3.39e+17,-9.33e+08,-1.15e+07,491,2.29e+07,-4.21e+28,8.6e+05,-46.4,2.03e+05,-1.75e+11,154,512,6.9e+27,117,5.53e+13,9.62e+07,268,-4.86e+12,1.01e+09,29.7,4.32e+08,-1.02e+03,-1.86e+22,-12.2,58.6,-9.88e+13,1.3e+11,4.36e+19,319,4.87e+05,0.508,1.03e+17,310,156,-2.57e+09,-227,-2.24e+04,2.92e+10,242,3.1e+11,-9.75e+17,394,4.9e+06,6.89,-1.59e+25,6.53e+22,2.62e+28,116,6.47e+18,689,5.49e+18,-7.59e+17,-3.51e+20,-2.44e+26,239,9.61e+03,729,1.2,-5.71e+15,5.47e+06,263,2.95e+16,-6.53e+31,380,5.61e+23,6.31e+05,107,-1.39e+04,217,4.04e+08,4.23e+12,4.87e+10,1.14e+03,70.3,6.35e+09,8.82e+13
0,174,798,-731,-124,-1.43e+59,-6.05,1.16e+35,2.97e+25,294,-177,9.7e+26,2.27e+18,-9.2e+23,204,497,-5.42e+05,-193,-503,-7.8e+29,1.75e+60,219,84,26.4,3.39e+17,-9.94e+08,-1.17e+07,493,2.2e+07,-4.63e+28,1.08e+06,-71.8,2.18e+05,-1.72e+11,151,524,7.01e+27,122,5.58e+13,8.93e+07,265,-5.34e+12,9.46e+08,23,4.15e+08,-978,-2.09e+22,-12.3,59.2,-8.11e+13,1.23e+11,4.49e+19,298,5.16e+05,0.513,1.03e+17,307,157,-2.61e+09,422,-2.33e+04,3e+10,245,3.11e+11,-9.77e+17,387,5.34e+06,-2.34,-1.48e+25,6.14e+22,2.55e+28,112,6.37e+18,660,5.39e+18,-7.66e+17,-3.55e+20,-2.42e+26,238,9.35e+03,691,1.5,-5.55e+15,5.35e+06,256,3.08e+16,-6.59e+31,378,5.83e+23,6.28e+05,87.7,-1.42e+04,214,3.87e+08,4.23e+12,6.57e+10,1.08e+03,64.3,6.45e+09,8.8e+13
0,178,792,-719,-132,-1.57e+59,-14.1,1.14e+35,2.98e+25,292,-189,9.81e+26,1.94e+18,-9.28e+23,197,499,-5.16e+05,-186,-464,-1.06e+30,1.69e+60,215,79.4,20.3,3.37e+17,-1.06e+09,-1.18e+07,496,2.08e+07,-5.02e+28,1.3e+06,-97.3,2.33e+05,-1.7e+11,148,538,7.1e+27,128,5.62e+13,8.22e+07,261,-5.83e+12,8.8e+08,16.5,3.99e+08,-933,-2.32e+22,-12.4,60.3,-6.35e+13,1.16e+11,4.61e+19,276,5.45e+05,0.516,1.03e+17,305,157,-2.61e+09,1.08e+03,-2.4e+04,3.06e+10,249,3.12e+11,-9.78e+17,380,5.75e+06,-11.4,-1.37e+25,5.78e+22,2.48e+28,108,6.25e+18,630,5.27e+18,-7.73e+17,-3.58e+20,-2.4e+26,236,9.23e+03,650,1.76,-5.38e+15,5.23e+06,249,3.2e+16,-6.63e+31,375,6.03e+23,6.43e+05,68.1,-1.44e+04,209,3.71e+08,4.21e+12,8.3e+10,1.01e+03,58,6.56e+09,8.79e+13
0,181,784,-706,-141,-1.7e+59,-21.8,1.12e+35,2.98e+25,290,-199,9.82e+26,1.65e+18,-9.36e+23,190,501,-4.88e+05,-180,-422,-1.52e+30,1.64e+60,211,74.9,13.7,3.36e+17,-1.14e+09,-1.19e+07,497,1.95e+07,-5.39e+28,1.5e+06,-123,2.5e+05,-1.67e+11,144,555,7.18e+27,133,5.65e+13,7.48e+07,257,-6.34e+12,8.17e+08,9.99,3.83e+08,-883,-2.56e+22,-12.4,62,-4.65e+13,1.1e+11,4.71e+19,253,5.74e+05,0.519,1.04e+17,303,157,-2.55e+09,1.75e+03,-2.46e+04,3.11e+10,253,3.12e+11,-9.77e+17,372,6.13e+06,-20.1,-1.26e+25,5.43e+22,2.4e+28,104,6.11e+18,599,5.12e+18,-7.78e+17,-3.6e+20,-2.38e+26,235,9.24e+03,607,1.99,-5.21e+15,5.1e+06,241,3.32e+16,-6.65e+31,371,6.2e+23,6.79e+05,48.1,-1.47e+04,204,3.56e+08,4.18e+12,1e+11,954,51.3,6.7e+09,8.78e+13
0,184,776,-692,-149,-1.81e+59,-29,1.09e+35,2.98e+25,287,-209,9.73e+26,1.41e+18,-9.44e+23,184,502,-4.57e+05,-173,-377,-2.15e+30,1.57e+60,206,70.5,6.6,3.34e+17,-1.22e+09,-1.2e+07,499,1.8e+07,-5.73e+28,1.7e+06,-149,2.67e+05,-1.65e+11,141,574,7.25e+27,139,5.67e+13,6.74e+07,254,-6.84e+12,7.57e+08,3.68,3.67e+08,-829,-2.81e+22,-12.4,64.4,-3.05e+13,1.03e+11,4.8e+19,231,6.01e+05,0.521,1.04e+17,302,158,-2.44e+09,2.41e+03,-2.51e+04,3.15e+10,257,3.11e+11,-9.74e+17,364,6.47e+06,-28.1,-1.16e+25,5.11e+22,2.33e+28,99.5,5.95e+18,569,4.95e+18,-7.81e+17,-3.61e+20,-2.35e+26,233,9.4e+03,560,2.17,-5.04e+15,4.96e+06,233,3.42e+16,-6.64e+31,366,6.34e+23,7.36e+05,27.6,-1.5e+04,197,3.42e+08,4.13e+12,1.18e+11,899,44.3,6.86e+09,8.76e+13
0,187,766,-677,-156,-1.92e+59,-35.6,1.06e+35,2.96e+25,284,-217,9.55e+26,1.2e+18,-9.5e+23,177,501,-4.24e+05,-167,-329,-2.94e+30,1.51e+60,202,66.3,-0.87,3.31e+17,-1.3e+09,-1.21e+07,500,1.63e+07,-6.04e+28,1.88e+06,-174,2.84e+05,-1.62e+11,138,596,7.3e+27,145,5.67e+13,5.98e+07,250,-7.33e+12,7.02e+08,-2.39,3.52e+08,-771,-3.06e+22,-12.3,67.7,-1.57e+13,9.7e+10,4.85e+19,207,6.27e+05,0.522,1.05e+17,302,158,-2.28e+09,3.08e+03,-2.55e+04,3.21e+10,261,3.1e+11,-9.69e+17,356,6.77e+06,-35.4,-1.07e+25,4.82e+22,2.25e+28,95.5,5.78e+18,542,4.76e+18,-7.83e+17,-3.62e+20,-2.32e+26,230,9.7e+03,512,2.31,-4.88e+15,4.82e+06,224,3.51e+16,-6.62e+31,360,6.46e+23,8.15e+05,6.93,-1.52e+04,188,3.29e+08,4.05e+12,1.36e+11,849,36.9,7.04e+09,8.74e+13
0,191,756,-660,-162,-2.01e+59,-41.7,1.04e+35,2.95e+25,280,-225,9.26e+26,1.04e+18,-9.55e+23,171,499,-3.89e+05,-160,-278,-3.86e+30,1.44e+60,197,62.2,-8.71,3.29e+17,-1.4e+09,-1.21e+07,501,1.45e+07,-6.31e+28,2.06e+06,-200,3.02e+05,-1.59e+11,134,620,7.33e+27,151,5.66e+13,5.24e+07,246,-7.81e+12,6.51e+08,-8.14,3.38e+08,-710,-3.31e+22,-12.2,71.8,-2.51e+12,9.12e+10,4.88e+19,184,6.5e+05,0.523,1.05e+17,302,159,-2.05e+09,3.73e+03,-2.59e+04,3.31e+10,264,3.08e+11,-9.61e+17,348,7e+06,-41.6,-9.85e+24,4.57e+22,2.16e+28,91.5,5.6e+18,516,4.55e+18,-7.82e+17,-3.62e+20,-2.29e+26,227,1.01e+04,462,2.4,-4.73e+15,4.68e+06,216,3.58e+16,-6.58e+31,353,6.55e+23,9.16e+05,-13.9,-1.55e+04,179,3.18e+08,3.95e+12,1.54e+11,806,29.2,7.26e+09,8.72e+13
0,194,744,-643,-167,-2.09e+59,-47.2,1.01e+35,2.92e+25,276,-231,8.88e+26,9.2e+17,-9.59e+23,164,497,-3.52e+05,-154,-225,-4.9e+30,1.37e+60,192,58.4,-16.9,3.25e+17,-1.49e+09,-1.22e+07,502,1.25e+07,-6.53e+28,2.22e+06,-225,3.2e+05,-1.57e+11,131,646,7.35e+27,157,5.64e+13,4.5e+07,242,-8.25e+12,6.06e+08,-13.5,3.26e+08,-645,-3.57e+22,-11.9,76.9,8.69e+12,8.59e+10,4.86e+19,161,6.7e+05,0.524,1.06e+17,303,159,-1.76e+09,4.37e+03,-2.61e+04,3.45e+10,265,3.04e+11,-9.52e+17,340,7.17e+06,-46.5,-9.07e+24,4.35e+22,2.08e+28,87.6,5.41e+18,495,4.33e+18,-7.78e+17,-3.61e+20,-2.25e+26,224,1.07e+04,410,2.43,-4.59e+15,4.54e+06,207,3.64e+16,-6.53e+31,346,6.61e+23,1.04e+06,-34.8,-1.57e+04,168,3.08e+08,3.83e+12,1.72e+11,772,21.3,7.51e+09,8.69e+13
0,197,731,-623,-171,-2.15e+59,-52,9.74e+34,2.89e+25,271,-237,8.4e+26,8.36e+17,-9.61e+23,158,493,-3.13e+05,-147,-170,-6.02e+30,1.3e+60,186,54.7,-25.3,3.21e+17,-1.59e+09,-1.22e+07,501,1.04e+07,-6.72e+28,2.37e+06,-249,3.37e+05,-1.54e+11,127,673,7.36e+27,162,5.61e+13,3.78e+07,239,-8.65e+12,5.67e+08,-18.4,3.16e+08,-578,-3.83e+22,-11.7,83,1.76e+13,8.12e+10,4.8e+19,139,6.87e+05,0.526,1.07e+17,305,160,-1.41e+09,4.99e+03,-2.64e+04,3.66e+10,266,3e+11,-9.4e+17,331,7.26e+06,-49.9,-8.36e+24,4.17e+22,1.99e+28,83.8,5.21e+18,479,4.09e+18,-7.72e+17,-3.6e+20,-2.22e+26,220,1.14e+04,358,2.4,-4.47e+15,4.4e+06,198,3.69e+16,-6.46e+31,338,6.64e+23,1.18e+06,-55.6,-1.6e+04,156,2.99e+08,3.67e+12,1.9e+11,747,13.1,7.8e+09,8.67e+13
0,201,717,-602,-174,-2.2e+59,-56.2,9.4e+34,2.85e+25,266,-241,7.83e+26,7.85e+17,-9.62e+23,152,488,-2.73e+05,-141,-113,-7.21e+30,1.23e+60,181,51.2,-33.9,3.17e+17,-1.7e+09,-1.21e+07,501,8.26e+06,-6.86e+28,2.51e+06,-273,3.54e+05,-1.51e+11,123,702,7.35e+27,168,5.57e+13,3.08e+07,236,-9e+12,5.34e+08,-22.7,3.08e+08,-509,-4.1e+22,-11.3,90,2.4e+13,7.71e+10,4.7e+19,118,6.98e+05,0.528,1.09e+17,308,161,-9.98e+08,5.58e+03,-2.66e+04,3.95e+10,265,2.95e+11,-9.26e+17,323,7.27e+06,-51.5,-7.73e+24,4.02e+22,1.9e+28,80.1,5.02e+18,469,3.84e+18,-7.62e+17,-3.57e+20,-2.17e+26,215,1.23e+04,306,2.3,-4.38e+15,4.25e+06,189,3.73e+16,-6.38e+31,331,6.65e+23,1.35e+06,-76,-1.62e+04,144,2.93e+08,3.48e+12,2.09e+11,733,4.55,8.14e+09,8.65e+13
0,204,702,-580,-176,-2.24e+59,-59.6,9.05e+34,2.81e+25,261,-244,7.17e+26,7.65e+17,-9.6e+23,145,481,-2.31e+05,-135,-55.7,-8.42e+30,1.15e+60,175,47.8,-42.6,3.13e+17,-1.8e+09,-1.21e+07,499,5.99e+06,-6.95e+28,2.64e+06,-296,3.7e+05,-1.49e+11,120,731,7.32e+27,172,5.51e+13,2.43e+07,232,-9.28e+12,5.07e+08,-26.4,3.02e+08,-438,-4.37e+22,-10.9,98.1,2.76e+13,7.37e+10,4.55e+19,97.1,7.04e+05,0.532,1.1e+17,311,162,-5.26e+08,6.13e+03,-2.69e+04,4.33e+10,261,2.88e+11,-9.09e+17,314,7.19e+06,-51.4,-7.18e+24,3.92e+22,1.81e+28,76.5,4.82e+18,466,3.58e+18,-7.48e+17,-3.54e+20,-2.13e+26,210,1.32e+04,254,2.14,-4.32e+15,4.11e+06,180,3.75e+16,-6.29e+31,323,6.63e+23,1.53e+06,-95.8,-1.63e+04,130,2.88e+08,3.26e+12,2.27e+11,731,-4.2,8.52e+09,8.63e+13
0,208,685,-557,-176,-2.26e+59,-62.2,8.68e+34,2.76e+25,255,-246,6.43e+26,7.72e+17,-9.56e+23,139,473,-1.87e+05,-128,3.02,-9.64e+30,1.08e+60,169,44.6,-51.3,3.08e+17,-1.9e+09,-1.2e+07,497,3.69e+06,-7e+28,2.75e+06,-318,3.85e+05,-1.46e+11,116,760,7.27e+27,177,5.44e+13,1.81e+07,229,-9.5e+12,4.87e+08,-29.4,2.98e+08,-367,-4.65e+22,-10.4,107,2.82e+13,7.09e+10,4.35e+19,78.1,7.05e+05,0.538,1.11e+17,315,163,3.68e+06,6.65e+03,-2.72e+04,4.82e+10,256,2.8e+11,-8.9e+17,306,7.03e+06,-49.1,-6.71e+24,3.85e+22,1.71e+28,73,4.62e+18,470,3.31e+18,-7.32e+17,-3.5e+20,-2.09e+26,205,1.43e+04,204,1.91,-4.3e+15,3.97e+06,170,3.77e+16,-6.2e+31,315,6.59e+23,1.72e+06,-115,-1.64e+04,116,2.85e+08,3e+12,2.46e+11,741,-13.2,8.94e+09,8.62e+13
0,211,668,-531,-175,-2.26e+59,-64.1,8.29e+34,2.7e+25,249,-246,5.62e+26,8e+17,-9.5e+23,133,464,-1.42e+05,-122,62.3,-1.08e+31,1.01e+60,163,41.6,-60,3.02e+17,-2.01e+09,-1.19e+07,494,1.37e+06,-6.99e+28,2.85e+06,-338,3.98e+05,-1.44e+11,113,788,7.21e+27,180,5.36e+13,1.24e+07,226,-9.64e+12,4.75e+08,-31.6,2.98e+08,-295,-4.92e+22,-9.81,117,2.56e+13,6.88e+10,4.1e+19,60.7,6.99e+05,0.545,1.13e+17,320,165,5.85e+08,7.12e+03,-2.76e+04,5.42e+10,248,2.71e+11,-8.69e+17,297,6.77e+06,-44.8,-6.29e+24,3.82e+22,1.63e+28,69.6,4.42e+18,483,3.04e+18,-7.12e+17,-3.44e+20,-2.04e+26,199,1.54e+04,156,1.63,-4.31e+15,3.84e+06,161,3.77e+16,-6.1e+31,307,6.54e+23,1.92e+06,-133,-1.65e+04,101,2.83e+08,2.71e+12,2.65e+11,764,-22.3,9.42e+09,8.61e+13
0,215,648,-504,-172,-2.25e+59,-65.1,7.87e+34,2.64e+25,242,-246,4.75e+26,8.45e+17,-9.4e+23,127,454,-9.64e+04,-116,122,-1.2e+31,9.38e+59,157,38.7,-68.5,2.96e+17,-2.11e+09,-1.17e+07,489,-9.01e+05,-6.94e+28,2.94e+06,-356,4.08e+05,-1.41e+11,109,814,7.12e+27,183,5.27e+13,7.35e+06,223,-9.68e+12,4.69e+08,-32.9,2.99e+08,-223,-5.19e+22,-9.18,128,2e+13,6.74e+10,3.81e+19,45.2,6.87e+05,0.555,1.15e+17,325,166,1.21e+09,7.54e+03,-2.82e+04,6.13e+10,237,2.61e+11,-8.45e+17,288,6.41e+06,-38.3,-5.94e+24,3.82e+22,1.54e+28,66.4,4.23e+18,504,2.78e+18,-6.89e+17,-3.38e+20,-1.99e+26,193,1.66e+04,112,1.29,-4.36e+15,3.7e+06,151,3.77e+16,-6.01e+31,300,6.47e+23,2.14e+06,-150,-1.65e+04,85.9,2.83e+08,2.39e+12,2.83e+11,799,-31.5,9.94e+09,8.62e+13
0,218,628,-476,-167,-2.22e+59,-65.2,7.44e+34,2.57e+25,235,-244,3.83e+26,9.01e+17,-9.26e+23,121,442,-5e+04,-109,181,-1.3e+31,8.69e+59,151,35.9,-76.7,2.9e+17,-2.2e+09,-1.15e+07,484,-3.1e+06,-6.84e+28,3.01e+06,-373,4.16e+05,-1.39e+11,106,835,7.02e+27,185,5.17e+13,2.88e+06,221,-9.64e+12,4.69e+08,-33.2,3.04e+08,-152,-5.45e+22,-8.48,139,1.13e+13,6.66e+10,3.48e+19,31.8,6.69e+05,0.567,1.16e+17,329,167,1.87e+09,7.9e+03,-2.89e+04,6.96e+10,224,2.49e+11,-8.19e+17,279,5.97e+06,-29.5,-5.62e+24,3.85e+22,1.45e+28,63.3,4.04e+18,533,2.52e+18,-6.63e+17,-3.31e+20,-1.94e+26,186,1.79e+04,72.5,0.92,-4.45e+15,3.57e+06,142,3.76e+16,-5.92e+31,294,6.39e+23,2.35e+06,-165,-1.65e+04,70.8,2.85e+08,2.03e+12,3.01e+11,846,-40.8,1.05e+10,8.65e+13
0,222,606,-446,-160,-2.18e+59,-64.3,6.99e+34,2.5e+25,227,-241,2.86e+26,9.61e+17,-9.08e+23,116,428,-3.2e+03,-103,239,-1.39e+31,8.02e+59,144,33.1,-84.4,2.83e+17,-2.29e+09,-1.13e+07,477,-5.16e+06,-6.69e+28,3.06e+06,-387,4.19e+05,-1.36e+11,103,852,6.9e+27,187,5.05e+13,-9.3e+05,218,-9.5e+12,4.76e+08,-32.6,3.1e+08,-81.7,-5.71e+22,-7.74,151,-4.26e+11,6.63e+10,3.12e+19,20.6,6.43e+05,0.581,1.18e+17,334,168,2.55e+09,8.2e+03,-2.97e+04,7.89e+10,207,2.35e+11,-7.91e+17,270,5.45e+06,-18.7,-5.33e+24,3.9e+22,1.38e+28,60.4,3.85e+18,571,2.27e+18,-6.35e+17,-3.23e+20,-1.89e+26,179,1.91e+04,38.9,0.533,-4.59e+15,3.45e+06,132,3.75e+16,-5.84e+31,288,6.3e+23,2.55e+06,-179,-1.64e+04,55.9,2.87e+08,1.65e+12,3.18e+11,902,-50,1.11e+10,8.69e+13
0,226,582,-413,-151,-2.12e+59,-62.5,6.51e+34,2.43e+25,219,-237,1.88e+26,1.02e+18,-8.86e+23,110,413,4.35e+04,-97.2,297,-1.47e+31,7.38e+59,138,30.3,-91.5,2.76e+17,-2.37e+09,-1.1e+07,468,-7.04e+06,-6.49e+28,3.1e+06,-398,4.18e+05,-1.34e+11,99.6,861,6.77e+27,187,4.92e+13,-4.04e+06,216,-9.27e+12,4.87e+08,-31,3.17e+08,-13.4,-5.94e+22,-6.96,163,-1.48e+13,6.65e+10,2.74e+19,12,6.12e+05,0.596,1.19e+17,338,168,3.24e+09,8.43e+03,-3.07e+04,8.91e+10,189,2.21e+11,-7.6e+17,260,4.84e+06,-5.98,-5.04e+24,3.96e+22,1.3e+28,57.5,3.67e+18,615,2.04e+18,-6.05e+17,-3.13e+20,-1.84e+26,172,2.04e+04,12.2,0.159,-4.77e+15,3.33e+06,122,3.74e+16,-5.77e+31,284,6.21e+23,2.75e+06,-190,-1.62e+04,41.5,2.9e+08,1.25e+12,3.33e+11,966,-58.9,1.17e+10,8.76e+13
0,229,557,-380,-139,-2.04e+59,-59.6,6.01e+34,2.36e+25,211,-232,8.76e+25,1.07e+18,-8.58e+23,105,396,8.99e+04,-91.2,353,-1.52e+31,6.78e+59,131,27.4,-98,2.68e+17,-2.44e+09,-1.07e+07,457,-8.68e+06,-6.25e+28,3.11e+06,-406,4.13e+05,-1.31e+11,96.7,860,6.61e+27,186,4.78e+13,-6.42e+06,214,-8.93e+12,5.03e+08,-28.3,3.26e+08,53.1,-6.15e+22,-6.16,175,-3.15e+13,6.71e+10,2.34e+19,5.78,5.74e+05,0.612,1.2e+17,341,168,3.92e+09,8.59e+03,-3.19e+04,9.98e+10,168,2.05e+11,-7.28e+17,250,4.17e+06,8.46,-4.74e+24,4.03e+22,1.24e+28,54.6,3.48e+18,665,1.82e+18,-5.75e+17,-3.02e+20,-1.8e+26,165,2.16e+04,-6.67,-0.164,-4.98e+15,3.21e+06,113,3.72e+16,-5.71e+31,280,6.12e+23,2.93e+06,-199,-1.6e+04,27.9,2.93e+08,8.3e+11,3.46e+11,1.03e+03,-67.5,1.24e+10,8.83e+13
0,233,530,-344,-125,-1.95e+59,-55.7,5.49e+34,2.28e+25,202,-226,-1.19e+25,1.1e+18,-8.24e+23,100,377,1.35e+05,-85.2,407,-1.56e+31,6.22e+59,125,24.4,-103,2.59e+17,-2.49e+09,-1.03e+07,444,-1e+07,-5.98e+28,3.1e+06,-409,4.01e+05,-1.28e+11,94.1,847,6.43e+27,184,4.63e+13,-8.07e+06,212,-8.5e+12,5.23e+08,-24.7,3.35e+08,117,-6.33e+22,-5.36,186,-5e+13,6.78e+10,1.94e+19,2.15,5.31e+05,0.626,1.2e+17,343,167,4.55e+09,8.68e+03,-3.32e+04,1.11e+11,146,1.87e+11,-6.95e+17,240,3.44e+06,24.2,-4.4e+24,4.09e+22,1.18e+28,51.9,3.3e+18,718,1.63e+18,-5.44e+17,-2.9e+20,-1.75e+26,158,2.27e+04,-16.7,-0.382,-5.21e+15,3.09e+06,103,3.71e+16,-5.66e+31,277,6.03e+23,3.08e+06,-205,-1.56e+04,15.3,2.94e+08,4.05e+11,3.55e+11,1.1e+03,-75.5,1.3e+10,8.92e+13
0,237,502,-306,-108,-1.84e+59,-50.7,4.94e+34,2.2e+25,193,-219,-1.09e+26,1.1e+18,-7.84e+23,95.3,356,1.8e+05,-79.2,460,-1.58e+31,5.71e+59,119,21.3,-108,2.5e+17,-2.53e+09,-9.87e+06,429,-1.1e+07,-5.67e+28,3.07e+06,-407,3.82e+05,-1.25e+11,91.6,818,6.24e+27,181,4.46e+13,-8.99e+06,210,-7.99e+12,5.44e+08,-20.2,3.44e+08,180,-6.47e+22,-4.59,197,-6.97e+13,6.87e+10,1.54e+19,1,4.84e+05,0.636,1.19e+17,343,164,5.12e+09,8.71e+03,-3.46e+04,1.22e+11,123,1.67e+11,-6.6e+17,229,2.67e+06,40.8,-4.01e+24,4.13e+22,1.13e+28,49.1,3.12e+18,772,1.46e+18,-5.15e+17,-2.77e+20,-1.71e+26,151,2.37e+04,-17.4,-0.427,-5.45e+15,2.97e+06,93.5,3.71e+16,-5.62e+31,275,5.94e+23,3.2e+06,-209,-1.52e+04,4.02,2.94e+08,-1.54e+10,3.61e+11,1.17e+03,-82.6,1.36e+10,9.01e+13
0,241,472,-266,-88.4,-1.72e+59,-44.6,4.37e+34,2.13e+25,184,-210,-2.03e+26,1.08e+18,-7.37e+23,90.8,333,2.23e+05,-73.2,510,-1.58e+31,5.25e+59,112,17.8,-111,2.4e+17,-2.56e+09,-9.4e+06,411,-1.16e+07,-5.32e+28,3e+06,-400,3.56e+05,-1.22e+11,89.3,770,6.02e+27,177,4.27e+13,-9.19e+06,208,-7.39e+12,5.64e+08,-14.8,3.51e+08,240,-6.54e+22,-3.87,206,-8.97e+13,6.95e+10,1.15e+19,2.21,4.34e+05,0.638,1.18e+17,340,161,5.6e+09,8.67e+03,-3.6e+04,1.31e+11,100,1.46e+11,-6.24e+17,217,1.87e+06,57.7,-3.55e+24,4.15e+22,1.08e+28,46.2,2.94e+18,822,1.32e+18,-4.88e+17,-2.61e+20,-1.67e+26,144,2.44e+04,-8.27,-0.206,-5.69e+15,2.85e+06,84.1,3.7e+16,-5.59e+31,274,5.84e+23,3.28e+06,-210,-1.47e+04,-5.75,2.91e+08,-4.18e+11,3.61e+11,1.22e+03,-88.8,1.4e+10,9.08e+13
0,245,440,-225,-65.1,-1.59e+59,-37.2,3.77e+34,2.05e+25,174,-201,-2.9e+26,1.01e+18,-6.82e+23,86.6,308,2.64e+05,-67.2,557,-1.56e+31,4.84e+59,106,14,-113,2.29e+17,-2.56e+09,-8.87e+06,389,-1.17e+07,-4.96e+28,2.9e+06,-385,3.22e+05,-1.19e+11,87.3,699,5.78e+27,171,4.07e+13,-8.7e+06,205,-6.73e+12,5.83e+08,-8.81,3.54e+08,298,-6.54e+22,-3.24,212,-1.09e+14,6.99e+10,7.87e+18,5.54,3.82e+05,0.628,1.15e+17,333,156,5.93e+09,8.56e+03,-3.73e+04,1.39e+11,79.4,1.22e+11,-5.87e+17,205,1.07e+06,74.1,-3e+24,4.13e+22,1.04e+28,43.3,2.76e+18,864,1.21e+18,-4.64e+17,-2.43e+20,-1.63e+26,138,2.5e+04,10.5,0.397,-5.89e+15,2.72e+06,74.9,3.7e+16,-5.55e+31,272,5.74e+23,3.32e+06,-208,-1.4e+04,-13.8,2.84e+08,-7.86e+11,3.56e+11,1.26e+03,-93.6,1.44e+10,9.11e+13
0,249,406,-181,-38.4,-1.44e+59,-28.6,3.13e+34,1.98e+25,165,-190,-3.69e+26,8.9e+17,-6.18e+23,82.7,281,3.02e+05,-61.2,602,-1.52e+31,4.49e+59,99.8,9.83,-112,2.17e+17,-2.55e+09,-8.28e+06,364,-1.12e+07,-4.57e+28,2.74e+06,-362,2.79e+05,-1.15e+11,85.5,599,5.51e+27,164,3.83e+13,-7.57e+06,202,-6.03e+12,5.96e+08,-2.4,3.54e+08,356,-6.45e+22,-2.74,216,-1.27e+14,7e+10,4.5e+18,10.7,3.3e+05,0.598,1.11e+17,322,148,6.09e+09,8.41e+03,-3.82e+04,1.44e+11,61.9,9.67e+10,-5.5e+17,192,2.82e+05,89.2,-2.36e+24,4.05e+22,1.01e+28,40.3,2.58e+18,892,1.13e+18,-4.46e+17,-2.23e+20,-1.6e+26,132,2.52e+04,38.1,1.54,-6.02e+15,2.59e+06,66,3.7e+16,-5.5e+31,270,5.62e+23,3.31e+06,-203,-1.33e+04,-20.1,2.7e+08,-1.1e+12,3.45e+11,1.27e+03,-97,1.45e+10,9.07e+13
0,253,371,-135,-7.98,-1.29e+59,-18.8,2.47e+34,1.92e+25,155,-178,-4.39e+26,7.16e+17,-5.46e+23,79.2,251,3.38e+05,-55,643,-1.47e+31,4.2e+59,93.8,5.12,-110,2.04e+17,-2.52e+09,-7.62e+06,335,-1.02e+07,-4.17e+28,2.54e+06,-330,2.26e+05,-1.1e+11,84,465,5.22e+27,156,3.57e+13,-5.86e+06,198,-5.3e+12,6.01e+08,4.08,3.47e+08,413,-6.24e+22,-2.42,216,-1.42e+14,6.94e+10,1.39e+18,17.1,2.81e+05,0.543,1.05e+17,306,139,6.03e+09,8.21e+03,-3.86e+04,1.45e+11,49.9,6.82e+10,-5.14e+17,178,-4.8e+05,102,-1.62e+24,3.9e+22,9.7e+27,37.1,2.39e+18,898,1.07e+18,-4.36e+17,-1.98e+20,-1.56e+26,127,2.5e+04,73.2,3.41,-6.05e+15,2.43e+06,57.4,3.69e+16,-5.43e+31,267,5.48e+23,3.24e+06,-194,-1.25e+04,-24.7,2.49e+08,-1.34e+12,3.28e+11,1.26e+03,-98.8,1.44e+10,8.93e+13
0,257,333,-86.3,26.5,-1.12e+59,-7.54,1.77e+34,1.86e+25,144,-165,-4.96e+26,4.76e+17,-4.64e+23,76.1,219,3.7e+05,-48.7,682,-1.41e+31,3.96e+59,88.1,-0.169,-106,1.9e+17,-2.47e+09,-6.89e+06,301,-8.49e+06,-3.76e+28,2.27e+06,-286,1.63e+05,-1.04e+11,82.7,292,4.9e+27,147,3.27e+13,-3.62e+06,193,-4.57e+12,5.95e+08,10.2,3.32e+08,470,-5.88e+22,-2.31,211,-1.52e+14,6.8e+10,-1.5e+18,24.3,2.38e+05,0.45,9.76e+16,284,127,5.69e+09,7.98e+03,-3.81e+04,1.4e+11,46.2,3.65e+10,-4.77e+17,163,-1.2e+06,111,-8.18e+23,3.66e+22,9.28e+27,33.7,2.19e+18,873,1.03e+18,-4.34e+17,-1.7e+20,-1.51e+26,122,2.44e+04,113,6.26,-5.91e+15,2.26e+06,49.1,3.67e+16,-5.3e+31,262,5.29e+23,3.11e+06,-183,-1.15e+04,-27.6,2.17e+08,-1.48e+12,3.06e+11,1.22e+03,-98.8,1.39e+10,8.62e+13
0,261,294,-35.6,65.2,-9.52e+58,5.07,1.03e+34,1.8e+25,134,-151,-5.4e+26,1.63e+17,-3.71e+23,73.4,184,3.99e+05,-42.3,716,-1.34e+31,3.79e+59,82.6,-6.11,-99.4,1.75e+17,-2.4e+09,-6.07e+06,261,-6.15e+06,-3.35e+28,1.93e+06,-230,8.84e+04,-9.79e+10,81.7,71.2,4.54e+27,137,2.93e+13,-9.54e+05,186,-3.88e+12,5.74e+08,15.6,3.06e+08,530,-5.36e+22,-2.48,201,-1.57e+14,6.57e+10,-4.33e+18,31.6,2.02e+05,0.308,8.78e+16,254,113,5.04e+09,7.72e+03,-3.64e+04,1.28e+11,53.6,8.34e+08,-4.41e+17,147,-1.86e+06,116,3.01e+22,3.32e+22,8.76e+27,30,1.99e+18,806,9.98e+17,-4.44e+17,-1.36e+20,-1.46e+26,117,2.3e+04,154,10.4,-5.55e+15,2.07e+06,41.2,3.63e+16,-5.11e+31,253,5.02e+23,2.91e+06,-169,-1.03e+04,-29.2,1.73e+08,-1.48e+12,2.82e+11,1.15e+03,-97.2,1.3e+10,8.09e+13
0,265,252,17.5,109,-7.79e+58,19.1,2.43e+33,1.76e+25,124,-135,-5.68e+26,-2.28e+17,-2.68e+23,71.2,147,4.24e+05,-35.6,748,-1.28e+31,3.66e+59,77.3,-12.8,-89.9,1.58e+17,-2.32e+09,-5.16e+06,216,-3.11e+06,-2.95e+28,1.49e+06,-158,2.44e+03,-9.01e+10,81,-204,4.15e+27,127,2.54e+13,2.06e+06,177,-3.25e+12,5.33e+08,19.4,2.69e+08,594,-4.63e+22,-2.98,183,-1.55e+14,6.25e+10,-7.35e+18,38.1,1.77e+05,0.102,7.57e+16,215,96.1,4.01e+09,7.46e+03,-3.28e+04,1.06e+11,75.9,-3.96e+10,-4.07e+17,130,-2.46e+06,114,8.65e+23,2.86e+22,8.05e+27,26,1.78e+18,687,9.71e+17,-4.69e+17,-9.56e+19,-1.38e+26,111,2.1e+04,191,16.3,-4.89e+15,1.84e+06,33.7,3.56e+16,-4.82e+31,240,4.66e+23,2.64e+06,-153,-8.95e+03,-30.1,1.14e+08,-1.32e+12,2.58e+11,1.05e+03,-94,1.14e+10,7.26e+13
0,270,208,73.1,157,-6.06e+58,34.7,-5.89e+33,1.73e+25,113,-118,-5.77e+26,-7.06e+17,-1.54e+23,69.5,107,4.46e+05,-28.7,776,-1.23e+31,3.58e+59,72.4,-20.3,-77.5,1.4e+17,-2.23e+09,-4.15e+06,163,6.36e+05,-2.56e+28,9.45e+05,-67.7,-9.55e+04,-8.08e+10,80.6,-544,3.72e+27,116,2.07e+13,5.32e+06,164,-2.74e+12,4.69e+08,20.9,2.16e+08,664,-3.65e+22,-3.87,158,-1.43e+14,5.82e+10,-1.09e+19,42.9,1.68e+05,-0.186,6.11e+16,166,76.4,2.56e+09,7.18e+03,-2.67e+04,7.16e+10,117,-8.58e+10,-3.74e+17,112,-2.99e+06,105,1.6e+24,2.25e+22,7.05e+27,21.6,1.56e+18,498,9.27e+17,-5.1e+17,-4.72e+19,-1.27e+26,104,1.79e+04,217,24.4,-3.84e+15,1.57e+06,26.7,3.45e+16,-4.38e+31,220,4.15e+23,2.28e+06,-133,-7.37e+03,-31,3.59e+07,-9.52e+11,2.42e+11,935,-89.8,9.16e+09,6.03e+13
